상품명,가격,사진
"[매장픽업] 파스쿠아, 프리잔떼 돌체 스윗 로제 (스파클링와인)","31,500",item.ssgcdn.com/47/81/39/item/1000049398147_i1_232.jpg
[매장픽업]파이퍼하이직 빈티지(스파클링와인),"99,000",item.ssgcdn.com/47/81/39/item/1000049398147_i2_232.jpg
"[매장픽업] 파스쿠아, 일레븐 미닛 로제 (로제와인)","45,000",item.ssgcdn.com/27/64/95/item/1000043956427_i1_232.jpg
[매장픽업]  파이퍼하이직 뀌베브뤼(스파클링와인),"58,500",item.ssgcdn.com/27/64/95/item/1000043956427_i2_232.jpg
[매장픽업] 모엣x카카오프렌즈 리미티드 에디션,"72,000",item.ssgcdn.com/56/84/39/item/1000049398456_i1_232.jpg
[매장픽업] 모엣 & 샹동 임페리얼 375ml,"44,820",item.ssgcdn.com/56/84/39/item/1000049398456_i2_232.jpg
앙드레 끌루에 드림 빈티지 2013,"62,100",item.ssgcdn.com/56/51/95/item/1000043955156_i1_232.jpg
"[매장픽업] 찰스 하이직, 브뤼 밀레짐 2012(샴페인)","189,900",item.ssgcdn.com/56/51/95/item/1000043955156_i2_232.jpg
"[매장픽업] 로쉬 드 벨렌, 부르고뉴 피노누아 퀴베 리저브 (레드와인)","38,700",item.ssgcdn.com/19/38/26/item/1000070263819_i1_232.jpg
"[매장픽업] 찰스 하이직, 브륏 리저브 (샴페인)","108,000",item.ssgcdn.com/19/38/26/item/1000070263819_i2_232.jpg
"[매장픽업] 파스쿠아, 프리잔떼 투르비옹 아마빌레 (스파클링와인)","31,500",item.ssgcdn.com/49/61/50/item/1000069506149_i1_232.jpg
CYT 그란 레세르바 카베르네 소비뇽,"19,800",item.ssgcdn.com/00/94/03/item/1000072039400_i1_232.jpg
[매장픽업]이기갈 꼬뜨 뒤 론 루즈 375ml (레드와인),"15,300",item.ssgcdn.com/67/33/86/item/1000043863367_i1_232.jpg
"[매장픽업] 그라함, 10년 토니 포트 (포트와인)","69,300",item.ssgcdn.com/67/33/86/item/1000043863367_i2_232.jpg
[매장픽업]  몰리두커 더 복서,"53,100",item.ssgcdn.com/17/32/33/item/1000049333217_i1_232.jpg
[매장픽업] 메디치 에르메테 콘체르토 (스파클링와인),"31,500",item.ssgcdn.com/17/32/33/item/1000049333217_i2_232.jpg
[매장픽업] 당장페이 브뤼,"37,800",item.ssgcdn.com/53/68/18/item/1000051186853_i1_232.jpg
[매장픽업] 오이스터베이 소비뇽블랑(화이트와인),"31,500",item.ssgcdn.com/53/68/18/item/1000051186853_i2_232.jpg
[매장픽업] 그랑 파씨오네(레드와인),"28,800",item.ssgcdn.com/96/72/39/item/1000049397296_i1_232.jpg
[매장픽업] 루이라뚜르 샤르도네(화이트와인),"24,300",item.ssgcdn.com/79/02/32/item/1000166320279_i1_232.jpg
알파카 폴딩 패키지,"41,310",item.ssgcdn.com/36/22/01/item/1000051012236_i1_232.jpg
[매장픽업]  텍스트북 배럴티프 까베르네소비뇽,"76,500",item.ssgcdn.com/36/66/36/item/1000049366636_i1_232.jpg
[매장픽업] 마투아 말보로 소비뇽 블랑,"26,100",item.ssgcdn.com/36/66/36/item/1000049366636_i2_232.jpg
[매장픽업] 까스텔포르테 발폴리첼라 리빠소,"22,500",item.ssgcdn.com/83/15/96/item/1000043961583_i1_232.jpg
[매장픽업] 간치아 모스카토 로제,"18,000",item.ssgcdn.com/77/65/85/item/1000043856577_i1_232.jpg
[매장픽업] 머드하우스 피노 그리 (화이트와인),"27,000",item.ssgcdn.com/77/65/85/item/1000043856577_i2_232.jpg
"[매장픽업] 그라함, 20년 토니 포트 (포트와인)","135,000",item.ssgcdn.com/52/90/34/item/1000072349052_i1_232.jpg
[매장픽업] 모엣 x 카카오프렌즈 리미티드 에디션,"74,700",item.ssgcdn.com/22/74/84/item/1000043847422_i1_232.jpg
"[매장픽업] 로쉬 드 벨렌, 부르고뉴 피노누아 비에이 비뉴 375ml (레드와인)","24,300",item.ssgcdn.com/22/74/84/item/1000043847422_i2_232.jpg
"스몰타운 빈야드, 클로벨라 마타로 그리나쉬","55,800",item.ssgcdn.com/18/63/26/item/1000049266318_i1_232.jpg
[매장픽업] 빌라 안나베르타 아마로네(레드와인),"44,100",item.ssgcdn.com/22/77/86/item/1000043867722_i1_232.jpg
"[매장픽업] 코폴라 와이너리, 다이아몬드 클라렛 (레드와인)","42,300",item.ssgcdn.com/22/77/86/item/1000043867722_i2_232.jpg
"[매장픽업] 로쉬 드 벨렌, 부르고뉴 샤르도네 퀴베 리저브 (화이트와인)","38,700",item.ssgcdn.com/65/28/08/item/1000163082865_i1_232.jpg
뛰느방 배드 걸,"19,800",item.ssgcdn.com/65/28/08/item/1000163082865_i2_232.jpg
"[매장픽업] 루이 미쉘, 샤블리 375ml (화이트와인)","36,900",item.ssgcdn.com/30/76/96/item/1000043967630_i1_232.jpg
[매장픽업] 몬텔레나 나파 밸리 샤도네이 750ML (화이트 와인),"112,500",item.ssgcdn.com/65/68/57/item/1000065576865_i1_232.jpg
"[매장픽업] 임페리움 비니, 템프라니요 (레드와인)","9,000",item.ssgcdn.com/94/62/57/item/1000065576294_i1_232.jpg
[매장픽업]  미켈레 끼아를로 바르베라 다스띠 레 오르메(레드와인),"26,100",item.ssgcdn.com/93/78/29/item/1000068297893_i1_232.jpg
푸나무 소비뇽 블랑,"32,000",item.ssgcdn.com/77/52/85/item/1000043855277_i1_232.jpg
[매장픽업] 더 페데럴리스트 진판델(레드와인),"45,000",item.ssgcdn.com/77/52/85/item/1000043855277_i2_232.jpg
[매장픽업] 두게싸 리아 모스카토 다스티 (화이트와인),"13,500",item.ssgcdn.com/30/76/36/item/1000049367630_i1_232.jpg
"[매장픽업] 일 팔라지오, 메세지 인 어 보틀 로쏘 (레드와인)","32,400",item.ssgcdn.com/30/76/36/item/1000049367630_i2_232.jpg
[매장픽업]피치니 메모로 루즈 (레드와인),"19,000",item.ssgcdn.com/48/95/21/item/1000070219548_i1_232.jpg
"[매장픽업] 마이펫, 쇼비뇽 블랑 (화이트와인)","22,500",item.ssgcdn.com/48/95/21/item/1000070219548_i2_232.jpg
[매장픽업]  모엣 & 샹동 로제 임페리얼375,"60,300",item.ssgcdn.com/71/43/13/item/1000051134371_i1_232.jpg
[매장픽업]앙드레 끌루에 상파뉴 브뤼 그랑 리저브,"67,500",item.ssgcdn.com/71/43/13/item/1000051134371_i2_232.jpg
[매장픽업] 빈도로 프리미티보 디 만두리아,"25,200",item.ssgcdn.com/21/29/55/item/1000169552921_i1_232.jpg
[매장픽업] 모엣 & 샹동 아이스 임페리얼,"117,000",item.ssgcdn.com/88/10/27/item/1000049271088_i1_232.jpg
"[매장픽업] 마이펫, 템프라니요 (레드와인)","22,500",item.ssgcdn.com/11/26/87/item/1000043872611_i1_232.jpg
"쓰리 스틱스, `프라이스 패밀리 에스테이트` 피노 누아","113,400",item.ssgcdn.com/11/26/87/item/1000043872611_i2_232.jpg
[매장픽업]피치니 메모로 화이트 (화이트와인),"19,000",item.ssgcdn.com/85/19/33/item/1000049331985_i1_232.jpg
"[매장픽업] 로쉬 드 벨렌, 부르고뉴 샤르도네 비에이 비뉴 375ml (화이트와인)","24,300",item.ssgcdn.com/85/19/33/item/1000049331985_i2_232.jpg
"[매장픽업] 찰스하이직, 블랑 드 블랑 (샴페인)","162,000",item.ssgcdn.com/02/36/32/item/1000166323602_i1_232.jpg
"[매장픽업] 텍스트북, 나파 메를로","58,500",item.ssgcdn.com/05/08/19/item/1000051190805_i1_232.jpg
[매장픽업] 머드하우스 소비뇽 블랑 (화이트와인),"26,100",item.ssgcdn.com/05/08/19/item/1000051190805_i2_232.jpg
"[매장픽업] 루이 미쉘, 샤블리 1er Cru 몬테 드 토네르 375ml (화이트와인)","53,100",item.ssgcdn.com/80/53/86/item/1000063865380_i1_232.jpg
[매장픽업] 1865  싱글빈야드 까베르네 소비뇽1500ml(레드와인),"72,000",item.ssgcdn.com/89/54/46/item/1000051465489_i1_232.jpg
[매장픽업] 베린저 메인앤바인 화이트 진판델,"17,010",item.ssgcdn.com/89/54/46/item/1000051465489_i2_232.jpg
CYT 그란 레세르바 카르미네르,"19,800",item.ssgcdn.com/15/50/84/item/1000043845015_i1_232.jpg
[매장픽업]루이자도 부르고뉴 샤도네이 375ml (화이트와인),"17,100",item.ssgcdn.com/89/09/34/item/1000072340989_i1_232.jpg
"[매장픽업] 에밀리아나, 노바스 카베르네 소비뇽 (레드와인)","20,700",item.ssgcdn.com/60/84/85/item/1000043858460_i1_232.jpg
[매장픽업]  파 니엔테 니켈 JC 슐랜저 까베르네 소비뇽 750ML (레드와인),"202,500",item.ssgcdn.com/60/84/85/item/1000043858460_i2_232.jpg
"부티노, 레 꼬또 꼬뜨 뒤 론 빌라쥐","33,300",item.ssgcdn.com/33/99/81/item/1000043819933_i1_232.jpg
[매장픽업]앙드레 끌루에 상파뉴 실버 브뤼,"68,400",item.ssgcdn.com/33/99/81/item/1000043819933_i2_232.jpg
[매장픽업] 미켈레 끼아를로 모스카토 다스티 팔라스,"19,800",item.ssgcdn.com/88/85/19/item/1000051198588_i1_232.jpg
[매장픽업] 꼬든네그로브뤼,"17,100",item.ssgcdn.com/88/85/19/item/1000051198588_i2_232.jpg
[매장픽업] 비비도르,"23,400",item.ssgcdn.com/11/96/79/item/1000044799611_i1_232.jpg
"[매장픽업] 리카솔리 1141, 브롤리오CC 375ml (레드와인)","16,200",item.ssgcdn.com/27/44/62/item/1000063624427_i1_232.jpg
"스몰타운 빈야드, 더 넥스트 빅 띵 샤도네이","36,000",item.ssgcdn.com/64/10/29/item/1000070291064_i1_232.jpg
[매장픽업] 프로즌 툰드라 비달 아이스와인 (화이트와인),"31,500",item.ssgcdn.com/27/33/79/item/1000044793327_i1_232.jpg
"샤토 드 트레시, 마드모아젤 드 티","63,000",item.ssgcdn.com/53/70/57/item/1000065577053_i1_232.jpg
"[매장픽업] 루이 미쉘, 쁘띠 샤블리 (화이트와인)","42,300",item.ssgcdn.com/84/45/50/item/1000069504584_i1_232.jpg
"[매장픽업] 로버트 오틀리, 시그니처 쉬라즈 (레드와인)","31,500",item.ssgcdn.com/25/33/62/item/1000063623325_i1_232.jpg
[매장픽업] 카모미 나파 밸리 샤도네이 750ML (화이트 와인),"28,350",item.ssgcdn.com/46/34/58/item/1000169583446_i1_232.jpg
[매장픽업] 산테로 피노 샤르도네 스푸만테(스파클링와인),"27,000",item.ssgcdn.com/62/78/04/item/1000051047862_i1_232.jpg
"75, 더 썸","53,100",item.ssgcdn.com/40/38/13/item/1000051133840_i1_232.jpg
더 샤도 프로젝트,"34,200",item.ssgcdn.com/40/38/13/item/1000051133840_i2_232.jpg
AY 라 마스코타 세트,"108,000",item.ssgcdn.com/84/83/88/item/1000054888384_i1_232.jpg
"더 아톰, 카베르네 소비뇽","27,000",item.ssgcdn.com/84/83/88/item/1000054888384_i2_232.jpg
마헨들 리슬링 페더슈필,"31,500",item.ssgcdn.com/32/23/97/item/1000048972332_i1_232.jpg
[스파클링] 발레벨보 모스까또 다스띠,"12,800",item.ssgcdn.com/59/31/85/item/1000043853159_i1_232.jpg
[레드와인] 트라피체 말벡,"9,800",item.ssgcdn.com/59/31/85/item/1000043853159_i2_232.jpg
조쉬 셀라스 까베르네 쇼비뇽,"34,800",item.ssgcdn.com/52/06/19/item/1000051190652_i1_232.jpg
[매장픽업]이기갈 꼬뜨 뒤 론 루즈 375ml (레드와인),"15,300",item.ssgcdn.com/52/06/19/item/1000051190652_i2_232.jpg
레 라마세르 까버네쇼비뇽,"9,800",item.ssgcdn.com/70/05/00/item/1000051000570_i1_232.jpg
[매장픽업]투핸즈 섹시 비스트 (레드와인),"50,000",item.ssgcdn.com/25/79/47/item/1000063477925_i1_232.jpg
운두라가 싱글빈야드 까베르네소비뇽,"19,800",item.ssgcdn.com/47/83/31/item/1000166318347_i1_232.jpg
[매장픽업] 더 페데럴리스트 진판델(레드와인),"45,000",item.ssgcdn.com/45/85/00/item/1000051008545_i1_232.jpg
[레드와인] 세븐 폴스 카베르네 소비뇽,"19,800",item.ssgcdn.com/38/99/85/item/1000043859938_i1_232.jpg
[매장픽업]  파이퍼하이직 뀌베브뤼(스파클링와인),"58,500",item.ssgcdn.com/38/99/85/item/1000043859938_i2_232.jpg
[매장픽업] 빌라엠 로소,"21,600",item.ssgcdn.com/63/16/58/item/1000048581663_i1_232.jpg
프레스코발디 카스틸리오니 끼안티,"32,000",item.ssgcdn.com/54/22/32/item/1000169322254_i1_232.jpg
[화이트와인] 도스 코파스 샤도네이,"4,900",item.ssgcdn.com/38/29/79/item/1000044792938_i1_232.jpg
[매장픽업]루이자도 부르고뉴 샤도네이 375ml (화이트와인),"17,100",item.ssgcdn.com/75/06/30/item/1000068300675_i1_232.jpg
[매장픽업] 뷰 샤또 생 앙드레 (레드와인),"104,400",item.ssgcdn.com/11/24/44/item/1000063442411_i1_232.jpg
"[매장픽업] 로쉬 드 벨렌, 부르고뉴 피노누아 퀴베 리저브 (레드와인)","38,700",item.ssgcdn.com/51/76/44/item/1000063447651_i1_232.jpg
[레드와인] 트라피체 오크캐스크 말벡,"16,800",item.ssgcdn.com/24/54/13/item/1000051135424_i1_232.jpg
[매장픽업]앙드레 끌루에 상파뉴 브뤼 그랑 리저브,"67,500",item.ssgcdn.com/24/54/13/item/1000051135424_i3_232.jpg
프레스코발디 카스텔지오콘도 로쏘 디 몬탈치노,"49,500",item.ssgcdn.com/54/72/52/item/1000169527254_i1_232.jpg
베린져 메인앤바인 진판델 750,"21,800",item.ssgcdn.com/59/72/85/item/1000043857259_i1_232.jpg
[레드와인] 도스코파스 까베르네 소비뇽,"4,900",item.ssgcdn.com/59/72/85/item/1000043857259_i2_232.jpg
[매장픽업]투핸즈 엔젤스쉐어 (레드와인),"50,000",item.ssgcdn.com/82/47/44/item/1000169444782_i1_232.jpg
샤또 랭쉬 바쥬 17,"315,000",item.ssgcdn.com/75/11/85/item/1000043851175_i1_232.jpg
[레드와인] 프론테라 까베르네 소비뇽,"8,800",item.ssgcdn.com/75/11/85/item/1000043851175_i2_232.jpg
[레드와인] 디아블로 피노누아,"12,800",item.ssgcdn.com/20/92/85/item/1000043859220_i1_232.jpg
[스파클링] 모엣샹동 임페리얼,"74,800",item.ssgcdn.com/20/92/85/item/1000043859220_i2_232.jpg
백화점 단독 선런칭! 모엣X카카오프렌즈 리미티드 에디션,"72,000",item.ssgcdn.com/54/67/86/item/1000063866754_i1_232.jpg
[매장픽업] 양가라 쉬라즈(레드와인),"49,500",item.ssgcdn.com/07/28/85/item/1000043852807_i1_232.jpg
몬테스 엔젤스 시크릿 까버네쇼비뇽,"32,800",item.ssgcdn.com/07/28/85/item/1000043852807_i2_232.jpg
[화이트와인] 샤토 생 미셸 컬럼비아 밸리 리슬링,"24,800",item.ssgcdn.com/21/14/91/item/1000167911421_i1_232.jpg
[매장픽업] 이기갈 꼬뜨 뒤 론 루즈 (레드와인),"30,000",item.ssgcdn.com/30/05/80/item/1000044800530_i1_232.jpg
"[매장픽업] 샴페인 드라피에, 까르뜨 도르 브륏 NV","71,100",item.ssgcdn.com/66/88/09/item/1000051098866_i1_232.jpg
"도멘 드 라 자나스, 꼬뜨 뒤 론","30,600",item.ssgcdn.com/88/74/22/item/1000169227488_i1_232.jpg
"더 아톰, 샤도네이","27,000",item.ssgcdn.com/97/60/21/item/1000169216097_i1_232.jpg
[매장픽업]  에로이카 리슬링(화이트와인),"49,500",item.ssgcdn.com/46/54/69/item/1000043695446_i1_232.jpg
1865셀렉티드 까베르네 소비뇽&골프백 패키지,"49,500",item.ssgcdn.com/14/59/57/item/1000065575914_i1_232.jpg
"[매장픽업] 파스쿠아, 프리잔떼 뀌베 넘버 5 (스파클링와인)","31,500",item.ssgcdn.com/12/80/39/item/1000049398012_i1_232.jpg
[매장픽업]운두라가 테루아 헌터 까베르네소비뇽 (레드와인),"35,000",item.ssgcdn.com/12/80/39/item/1000049398012_i2_232.jpg
[매장픽업]투핸즈 엔젤스쉐어 (레드와인),"50,000",item.ssgcdn.com/21/06/87/item/1000043870621_i1_232.jpg
뛰느방 베이비 배드 보이,"25,200",item.ssgcdn.com/78/39/79/item/1000044793978_i1_232.jpg
"[매장픽업] 뱅상 지라르댕, 푸이 퓌세 비에유 비뉴 (화이트와인)","84,600",item.ssgcdn.com/52/79/33/item/1000166337952_i1_232.jpg
"[매장픽업] 파스쿠아, 프로세코 DOC 오드리 햅번 (스파클링와인)","35,100",item.ssgcdn.com/23/86/33/item/1000049338623_i1_232.jpg
[매장픽업] 모엣 & 샹동 로제 임페리얼 375ml,"62,820",item.ssgcdn.com/01/83/39/item/1000049398301_i1_232.jpg
마헨들 펄프 픽션 그린,"31,500",item.ssgcdn.com/01/83/39/item/1000049398301_i2_232.jpg
샤토 생 미셸 컬럼비아 밸리 리슬링,"22,500",item.ssgcdn.com/21/08/22/item/1000070220821_i1_232.jpg
[매장픽업]코노 수르 토코르날 샤도네이 (화이트와인),"13,500",item.ssgcdn.com/58/45/08/item/1000066084558_i1_232.jpg
[매장픽업] 몬테스 알파 카버네 소비뇽 750ML (레드 와인),"31,500",item.ssgcdn.com/97/52/14/item/1000104145297_i1_232.jpg
뛰느방 배드 보이 골드,"117,000",item.ssgcdn.com/17/95/00/item/1000051009517_i1_232.jpg
"[매장픽업] 후프스, 나파밸리 까베르네 소비뇽(레드와인)","118,800",item.ssgcdn.com/87/32/00/item/1000072003287_i1_232.jpg
[매장픽업]코노수르 레세르바 샤도네이 (화이트와인),"30,000",item.ssgcdn.com/46/83/32/item/1000166328346_i1_232.jpg
"[매장픽업] 마이클 몬다비 패밀리, 스펠바운드 피노누아","34,200",item.ssgcdn.com/24/08/86/item/1000055860824_i1_232.jpg
"[매장픽업] 에밀리아나, 코얌 (레드와인)","50,400",item.ssgcdn.com/36/14/01/item/1000051011436_i1_232.jpg
[매장픽업] 카스텔블랑 엑스트라 브륏  750ML (드라이스파클링와인),"17,100",item.ssgcdn.com/57/27/97/item/1000048972757_i1_232.jpg
[매장픽업] ☆화이트잔 증정☆ 호니그 소비뇽블랑,"31,500",item.ssgcdn.com/01/04/37/item/1000049370401_i1_232.jpg
뛰느방 배드 보이,"43,200",item.ssgcdn.com/01/04/37/item/1000049370401_i2_232.jpg
AY 글로리오소 세트,"180,000",item.ssgcdn.com/56/77/03/item/1000045037756_i1_232.jpg
CYT 그란 레세르바 시라,"19,800",item.ssgcdn.com/38/81/41/item/1000054418138_i1_232.jpg
"스몰타운 빈야드, 낙 낙 쉬라즈","55,800",item.ssgcdn.com/38/81/41/item/1000054418138_i2_232.jpg
"샤토 페랑드, 블랑","61,200",item.ssgcdn.com/28/66/32/item/1000166326628_i1_232.jpg
[매장픽업] 필리터리 비달 아이스와인 리져브 (화이트와인),"69,300",item.ssgcdn.com/99/25/97/item/1000164972599_i1_232.jpg
"[매장픽업] 찰스 하이직, 로제 리저브 (샴페인)","151,200",item.ssgcdn.com/70/52/31/item/1000166315270_i1_232.jpg
"알프레도 마에스트로, 아만다 (레드와인)","49,500",item.ssgcdn.com/24/18/48/item/1000169481824_i1_232.jpg
서브미션 까베르네소비뇽,"40,500",item.ssgcdn.com/50/46/45/item/1000169454650_i1_232.jpg
[매장픽업] 베린저 브로스 샤르도네,"40,500",item.ssgcdn.com/49/94/85/item/1000043859449_i1_232.jpg
[매장픽업] 몬테칠로 리제르바(레드와인),"27,000",item.ssgcdn.com/49/94/85/item/1000043859449_i2_232.jpg
"[매장픽업] 럭스, 골드 브륏 NV","18,000",item.ssgcdn.com/88/03/18/item/1000051180388_i1_232.jpg
"[매장픽업] 코폴라 와이너리, 소피아 블랑 드 블랑 (스파클링와인)","42,300",item.ssgcdn.com/88/03/18/item/1000051180388_i2_232.jpg
[매장픽업]울프 블라스 옐로라벨 까베르네 소비뇽,"27,000",item.ssgcdn.com/26/33/39/item/1000049393326_i1_232.jpg
[매장픽업]  마르께스 데 까사 콘차 에티케타 네그라(레드와인),"45,000",item.ssgcdn.com/79/48/07/item/1000066074879_i1_232.jpg
"[매장픽업]  엑스트라버겐저 스파클링(스파클링,화이트와인)","20,700",item.ssgcdn.com/51/27/36/item/1000064362751_i1_232.jpg
[매장픽업] 벤드 화이트 진판델  750ML (로제와인),"20,000",item.ssgcdn.com/33/61/69/item/1000043696133_i1_232.jpg
[매장픽업]피치니 끼안띠 375ml (레드와인),"7,110",item.ssgcdn.com/82/00/75/item/1000063750082_i1_232.jpg
[매장픽업] 두르뜨 그랑 떼루아 쏘떼른느 (화이트와인),"36,000",item.ssgcdn.com/58/03/19/item/1000051190358_i1_232.jpg
[매장픽업] 제라르 베르트랑 꼬뜨 로즈 로제 (로제와인),"13,500",item.ssgcdn.com/58/03/19/item/1000051190358_i2_232.jpg
[매장픽업] 샹파뉴 로칠드 브뤼 750ML (샴페인),"180,000",item.ssgcdn.com/31/64/21/item/1000063216431_i1_232.jpg
[매장픽업] 트라피체 핀카 라스 피에드라스 리미티드 에디션(레드와인),"54,000",item.ssgcdn.com/23/98/69/item/1000048699823_i1_232.jpg
[매장픽업] 배드 보이 샤르도네(화이트와인),"49,500",item.ssgcdn.com/12/52/78/item/1000048785212_i1_232.jpg
[매장픽업] 빌라 엠(화이트와인),"32,400",item.ssgcdn.com/93/31/03/item/1000044033193_i1_232.jpg
[매장픽업] 마르케스 데 톨레도 크리안자 750ML (레드 와인),"16,200",item.ssgcdn.com/41/18/01/item/1000051011841_i1_232.jpg
[매장픽업] 마르께스 데 까사 콘차 샤르도네,"31,500",item.ssgcdn.com/92/39/63/item/1000045633992_i1_232.jpg
[매장픽업] 베린저 파운더스 샤르도네,"26,100",item.ssgcdn.com/75/37/82/item/1000043823775_i1_232.jpg
[매장픽업] 베린저 브로스 카베르네 소비뇽,"40,500",item.ssgcdn.com/75/37/82/item/1000043823775_i2_232.jpg
[매장픽업] 보시오 트러플 헌터 모스카토 다스티 DOCG,"15,300",item.ssgcdn.com/13/04/58/item/1000048580413_i1_232.jpg
[매장픽업]이기갈 꼬뜨 뒤 론 루즈 1500ml (레드와인),"54,000",item.ssgcdn.com/33/88/64/item/1000043648833_i1_232.jpg
[매장픽업] 빌라엠 로소,"21,600",item.ssgcdn.com/42/01/70/item/1000048700142_i1_232.jpg
[매장픽업] 퀼트 나파 밸리 까베르네소비뇽(레드와인),"81,000",item.ssgcdn.com/70/25/27/item/1000049272570_i1_232.jpg
[매장픽업] 레알 꼼빠니아 가르나차(레드와인),"25,200",item.ssgcdn.com/42/97/98/item/1000071989742_i1_232.jpg
"[매장픽업] 찰스 하이직, 브륏 리저브 375ml (샴페인)","64,800",item.ssgcdn.com/83/55/30/item/1000082305583_i1_232.jpg
[매장픽업] 모엣 & 샹동 로제 임페리얼,"92,700",item.ssgcdn.com/75/56/75/item/1000063755675_i1_232.jpg
[매장픽업] 탈로 프리미티보 디 만두리아,"25,200",item.ssgcdn.com/16/22/36/item/1000064362216_i1_232.jpg
[매장픽업] 프리마크 아비 샤르도네(화이트와인),"90,000",item.ssgcdn.com/46/04/31/item/1000068310446_i1_232.jpg
[매장픽업]투핸즈 섹시 비스트 (레드와인),"50,000",item.ssgcdn.com/79/93/11/item/1000051119379_i1_232.jpg
"[매장픽업] 그라함, 30년 토니 포트 (포트와인)","327,600",item.ssgcdn.com/89/26/27/item/1000049272689_i1_232.jpg
[매장픽업]코노수르 토코르날 까베르네 소비뇽 (레드와인),"13,500",item.ssgcdn.com/82/64/69/item/1000048696482_i1_232.jpg
[매장픽업] 셀리에 데 프린스 샤또네프뒤파프(레드와인),"99,000",item.ssgcdn.com/65/44/98/item/1000050984465_i1_232.jpg
[매장픽업] 랑가 프레네시,"18,000",item.ssgcdn.com/54/70/18/item/1000051187054_i1_232.jpg
[매장픽업] 트림바크 게브르츠트라미너(화이트와인),"54,000",item.ssgcdn.com/54/70/18/item/1000051187054_i2_232.jpg
[매장픽업] 타라파카 에티케타 아쑬 (레드와인),"81,000",item.ssgcdn.com/31/53/50/item/1000069505331_i1_232.jpg
[매장픽업] 카를로 사니 수수마니엘로,"54,000",item.ssgcdn.com/01/05/29/item/1000082290501_i1_232.jpg
[매장픽업] 베린저 브로스 소비뇽 블랑,"40,500",item.ssgcdn.com/35/60/84/item/1000043846035_i1_232.jpg
"[매장픽업] 후프스, 후플라 나파밸리 레드 블랜드(레드와인)","53,100",item.ssgcdn.com/35/60/84/item/1000043846035_i2_232.jpg
[매장픽업]  모엣 & 샹동 로제 임페리얼,"92,700",item.ssgcdn.com/28/67/79/item/1000044796728_i1_232.jpg
[매장픽업] 까스텔로 로미또리오 브루넬로 디 몬탈치노,"98,100",item.ssgcdn.com/91/80/81/item/1000043818091_i1_232.jpg
[매장픽업] 프레시넷 프로세코 DOCG,"36,000",item.ssgcdn.com/91/80/81/item/1000043818091_i2_232.jpg
[매장픽업] 가또 네그로 까베르네 소비뇽375ml(레드와인),"7,200",item.ssgcdn.com/46/93/00/item/1000051009346_i1_232.jpg
몽제아 뮈네레 부르고뉴 피노누아 19,"58,500",item.ssgcdn.com/65/65/84/item/1000043846565_i1_232.jpg
[매장픽업] 빌꺄르 살몽 뀌베 니꼴라스 프랑수아 빌꺄르 브륏 06,"270,000",item.ssgcdn.com/65/65/84/item/1000043846565_i2_232.jpg
[매장픽업] 베린저 파운더스 진판델,"26,100",item.ssgcdn.com/65/51/44/item/1000063445165_i1_232.jpg
[매장픽업]  컨버트(레드와인),"54,000",item.ssgcdn.com/77/45/95/item/1000043954577_i1_232.jpg
"[매장픽업] 로쉬 드 벨렌, 제브레 샹베르탱 비에이 비뉴 (레드와인)","167,400",item.ssgcdn.com/77/45/95/item/1000043954577_i2_232.jpg
[스파클링] 발레벨보 모스까또 다스띠,"12,800",item.ssgcdn.com/38/01/86/item/1000043860138_i1_232.jpg
[레드와인] 트라피체 말벡,"9,800",item.ssgcdn.com/38/01/86/item/1000043860138_i2_232.jpg
조쉬 셀라스 까베르네 쇼비뇽,"34,800",item.ssgcdn.com/26/87/41/item/1000054418726_i1_232.jpg
[매장픽업]이기갈 꼬뜨 뒤 론 루즈 375ml (레드와인),"15,300",item.ssgcdn.com/99/33/36/item/1000064363399_i1_232.jpg
레 라마세르 까버네쇼비뇽,"9,800",item.ssgcdn.com/12/00/69/item/1000055690012_i1_232.jpg
[매장픽업]투핸즈 섹시 비스트 (레드와인),"50,000",item.ssgcdn.com/74/51/26/item/1000070265174_i1_232.jpg
운두라가 싱글빈야드 까베르네소비뇽,"19,800",item.ssgcdn.com/62/41/44/item/1000082444162_i1_232.jpg
[매장픽업] 더 페데럴리스트 진판델(레드와인),"45,000",item.ssgcdn.com/26/26/31/item/1000068312626_i1_232.jpg
[레드와인] 세븐 폴스 카베르네 소비뇽,"19,800",item.ssgcdn.com/23/81/99/item/1000050998123_i1_232.jpg
[매장픽업]  파이퍼하이직 뀌베브뤼(스파클링와인),"58,500",item.ssgcdn.com/71/13/10/item/1000066101371_i1_232.jpg
[매장픽업] 빌라엠 로소,"21,600",item.ssgcdn.com/12/33/06/item/1000057063312_i1_232.jpg
프레스코발디 카스틸리오니 끼안티,"32,000",item.ssgcdn.com/12/33/06/item/1000057063312_i2_232.jpg
[화이트와인] 도스 코파스 샤도네이,"4,900",item.ssgcdn.com/85/59/75/item/1000063755985_i1_232.jpg
[매장픽업]루이자도 부르고뉴 샤도네이 375ml (화이트와인),"17,100",item.ssgcdn.com/86/94/69/item/1000048699486_i1_232.jpg
[매장픽업] 뷰 샤또 생 앙드레 (레드와인),"104,400",item.ssgcdn.com/27/53/33/item/1000049335327_i1_232.jpg
"[매장픽업] 로쉬 드 벨렌, 부르고뉴 피노누아 퀴베 리저브 (레드와인)","38,700",item.ssgcdn.com/27/53/33/item/1000049335327_i2_232.jpg
[레드와인] 트라피체 오크캐스크 말벡,"16,800",item.ssgcdn.com/97/43/11/item/1000054114397_i1_232.jpg
[매장픽업]앙드레 끌루에 상파뉴 브뤼 그랑 리저브,"67,500",item.ssgcdn.com/05/99/49/item/1000051499905_i1_232.jpg
프레스코발디 카스텔지오콘도 로쏘 디 몬탈치노,"49,500",item.ssgcdn.com/91/48/18/item/1000067184891_i1_232.jpg
베린져 메인앤바인 진판델 750,"21,800",item.ssgcdn.com/36/22/01/item/1000051012236_i1_232.jpg
[레드와인] 도스코파스 까베르네 소비뇽,"4,900",item.ssgcdn.com/08/39/21/item/1000125213908_i1_232.jpg
[매장픽업]투핸즈 엔젤스쉐어 (레드와인),"50,000",item.ssgcdn.com/28/67/79/item/1000044796728_i1_232.jpg
샤또 랭쉬 바쥬 17,"315,000",item.ssgcdn.com/01/05/64/item/1000161640501_i1_232.jpg
[레드와인] 프론테라 까베르네 소비뇽,"8,800",item.ssgcdn.com/60/84/85/item/1000043858460_i1_232.jpg
[레드와인] 디아블로 피노누아,"12,800",item.ssgcdn.com/60/84/85/item/1000043858460_i2_232.jpg
[스파클링] 모엣샹동 임페리얼,"74,800",item.ssgcdn.com/10/16/83/item/1000049831610_i1_232.jpg
백화점 단독 선런칭! 모엣X카카오프렌즈 리미티드 에디션,"72,000",item.ssgcdn.com/56/51/95/item/1000043955156_i1_232.jpg
[매장픽업] 양가라 쉬라즈(레드와인),"49,500",item.ssgcdn.com/56/51/95/item/1000043955156_i2_232.jpg
몬테스 엔젤스 시크릿 까버네쇼비뇽,"32,800",item.ssgcdn.com/89/26/27/item/1000049272689_i1_232.jpg
[화이트와인] 샤토 생 미셸 컬럼비아 밸리 리슬링,"24,800",item.ssgcdn.com/33/33/61/item/1000065613333_i1_232.jpg
[매장픽업] 리유니트 비앙코(화이트와인),"11,700",item.ssgcdn.com/48/12/47/item/1000051471248_i1_232.jpg
[매장픽업] 다우 파인 토니 포트 750ML (레드와인),"26,000",item.ssgcdn.com/47/52/57/item/1000048575247_i1_232.jpg
[매장픽업]코노수르 스파클링 브뤼,"27,000",item.ssgcdn.com/04/69/86/item/1000043866904_i1_232.jpg
[매장픽업] 샤또 생 미셸 콜드 크릭 까베르네 소비뇽(레드와인),"66,600",item.ssgcdn.com/91/74/64/item/1000043647491_i1_232.jpg
몽제아 뮈네레 부르고뉴 샤르도네 18,"54,000",item.ssgcdn.com/10/91/09/item/1000066099110_i1_232.jpg
샤또 랭쉬 바쥬 17,"315,000",item.ssgcdn.com/98/50/10/item/1000066105098_i1_232.jpg
[매장픽업] 브라운 브라더스 시에나,"18,000",item.ssgcdn.com/05/98/31/item/1000068319805_i1_232.jpg
[매장픽업] 벨레 그로스 클락 앤 텔레폰 피노누아(레드와인),"104,400",item.ssgcdn.com/96/68/69/item/1000048696896_i1_232.jpg
"[매장픽업] 비온디  산티, BdM DOCG 리제르바 2006 (레드와인)","1,062,000",item.ssgcdn.com/63/13/37/item/1000049371363_i1_232.jpg
[매장픽업] 끌로 드 로스 씨에떼 (레드와인),"45,000",item.ssgcdn.com/63/13/37/item/1000049371363_i2_232.jpg
[매장픽업] 미켈레 끼아를로 바롤로 체레퀴오,"164,700",item.ssgcdn.com/08/87/85/item/1000043858708_i1_232.jpg
[매장픽업] 멧츠로드 샤도네이,"45,000",item.ssgcdn.com/08/87/85/item/1000043858708_i2_232.jpg
"[매장픽업] 몰리두커, 유포리아","45,000",item.ssgcdn.com/55/52/22/item/1000064225255_i1_232.jpg
멧츠로드 피노누아,"45,000",item.ssgcdn.com/16/30/43/item/1000051433016_i1_232.jpg
"[매장픽업] 도멘 베르나르 바이에뜨, 보졸레 블랑 (화이트와인)","66,000",item.ssgcdn.com/16/30/43/item/1000051433016_i2_232.jpg
[매장픽업]  더 피노 프로젝트,"34,200",item.ssgcdn.com/34/06/75/item/1000063750634_i1_232.jpg
서브미션 샤도네이,"40,500",item.ssgcdn.com/44/28/43/item/1000051432844_i1_232.jpg
"[매장픽업] 파스쿠아, 진 프리미티보 (레드와인)","37,800",item.ssgcdn.com/44/28/43/item/1000051432844_i2_232.jpg
[매장픽업] 몬테스 클래식 카버네 소비뇽 750ML (레드 와인),"15,000",item.ssgcdn.com/52/65/33/item/1000049336552_i1_232.jpg
샤또 뒤크뤼 보까이유 2017,"405,000",item.ssgcdn.com/52/65/33/item/1000049336552_i2_232.jpg
"[매장픽업] 카파르죠, 브루넬로 디 몬탈치노(레드와인)","103,500",item.ssgcdn.com/94/58/95/item/1000043955894_i1_232.jpg
[매장픽업]카바이 쏘비뇽 (화이트와인),"90,000",item.ssgcdn.com/95/55/07/item/1000066075595_i1_232.jpg
[매장픽업] 마르케스 데 톨레도 그랑 리제르바 750ML (레드 와인),"19,800",item.ssgcdn.com/57/05/32/item/1000057320557_i1_232.jpg
샤토 생 미셸 인디언 웰스 카베르네 소비뇽,"45,000",item.ssgcdn.com/57/05/32/item/1000057320557_i2_232.jpg
[매장픽업] 나파 셀라 샤르도네,"49,500",item.ssgcdn.com/92/74/01/item/1000072017492_i1_232.jpg
[매장픽업] 홀리스 나파밸리 까베르네소비뇽,"80,100",item.ssgcdn.com/22/28/25/item/1000147252822_i1_232.jpg
[매장픽업]블랙타워 아이스 로제,"27,000",item.ssgcdn.com/01/20/88/item/1000083882001_i1_232.jpg
[매장픽업] 타라파카 레세르바 까베르네 소비뇽 (레드와인),"16,200",item.ssgcdn.com/01/20/88/item/1000083882001_i2_232.jpg
[매장픽업] 브라운 브라더스 모스카토,"18,000",item.ssgcdn.com/40/79/84/item/1000043847940_i1_232.jpg
[매장픽업] 풋 프린트 쉬라즈 750ML (레드와인),"13,500",item.ssgcdn.com/30/95/97/item/1000071979530_i1_232.jpg
[매장픽업] 샤또 몽페라 화이트 2015 (화이트와인),"36,000",item.ssgcdn.com/68/83/77/item/1000102778368_i1_232.jpg
[매장픽업] 아카넘 750ML (레드와인),"193,500",item.ssgcdn.com/33/80/27/item/1000082278033_i1_232.jpg
[매장픽업] 킴 크로포드 피노누아  750ML (레드와인),"46,800",item.ssgcdn.com/95/84/41/item/1000054418495_i1_232.jpg
[매장픽업] 끌로 씨프레스(레드와인),"85,500",item.ssgcdn.com/61/20/29/item/1000049292061_i1_232.jpg
"[매장픽업] 코폴라 와이너리, 버지니아 데어 (화이트와인)","42,300",item.ssgcdn.com/27/13/85/item/1000043851327_i1_232.jpg
[매장픽업] 할란 이스테이트 750ML (레드와인),"3,240,000",item.ssgcdn.com/27/13/85/item/1000043851327_i2_232.jpg
[매장픽업]코노수르 레세르바 까베르네소비뇽 (레드와인),"30,000",item.ssgcdn.com/88/89/31/item/1000068318988_i1_232.jpg
AY 빌라 안티노리 세트,"126,000",item.ssgcdn.com/52/71/86/item/1000063867152_i1_232.jpg
[매장픽업]지디 바이라 알베 바롤로 (레드와인),"75,000",item.ssgcdn.com/30/57/54/item/1000045545730_i1_232.jpg
[매장픽업] 떼루뇨 쇼비뇽 블랑,"37,800",item.ssgcdn.com/86/60/86/item/1000063866086_i1_232.jpg
[매장픽업] 파 니엔테 니켈 CC 랜치 까베르네 소비뇽 750ML (레드와인),"270,000",item.ssgcdn.com/42/27/85/item/1000043852742_i1_232.jpg
[매장픽업] 레이다 레세르바 피노누아(레드와인),"21,600",item.ssgcdn.com/13/73/26/item/1000049267313_i1_232.jpg
[매장픽업]  몰리두커 투 레프트 핏,"53,100",item.ssgcdn.com/45/81/86/item/1000043868145_i1_232.jpg
[매장픽업] 폴 자불레 꼬뜨 뒤 론 빠할레45 루즈 750ML (레드와인),"33,000",item.ssgcdn.com/45/81/86/item/1000043868145_i2_232.jpg
서브미션 레드블렌드,"40,500",item.ssgcdn.com/77/91/86/item/1000043869177_i1_232.jpg
펜폴즈 쿠능가 힐 쉬라즈,"31,500",item.ssgcdn.com/14/09/01/item/1000051010914_i1_232.jpg
[매장픽업] 짐 배리 랏지힐 쉬라즈 750ML (레드와인),"35,100",item.ssgcdn.com/08/56/98/item/1000164985608_i1_232.jpg
[매장픽업] 도멘드마르꾸 꼬뜨뒤론(레드와인),"37,800",item.ssgcdn.com/88/07/87/item/1000043870788_i1_232.jpg
[매장픽업] 시부미놀 피노누아 (레드와인),"280,000",item.ssgcdn.com/87/54/29/item/1000082295487_i1_232.jpg
[매장픽업]빌라엠 골드(화이트와인),"39,600",item.ssgcdn.com/78/08/58/item/1000048580878_i1_232.jpg
"[매장픽업] 찰스 하이직, 브륏 리저브 1.5L (샴페인)","226,800",item.ssgcdn.com/52/53/84/item/1000043845352_i1_232.jpg
[매장픽업] 아방트 레드블랜드(레드와인),"18,810",item.ssgcdn.com/78/59/96/item/1000043965978_i1_232.jpg
"[매장픽업] 더 롱 독, 루즈 1.5L","34,200",item.ssgcdn.com/37/34/78/item/1000055783437_i1_232.jpg
"[매장픽업] 갬블, 나파밸리 까베르네 소비뇽(레드와인)","140,400",item.ssgcdn.com/69/27/07/item/1000066072769_i1_232.jpg
[매장픽업] 베라짜노 키안티 클라시코(레드와인),"54,000",item.ssgcdn.com/86/01/10/item/1000143100186_i1_232.jpg
샤또 라피트 로칠드 1999,"2,295,000",item.ssgcdn.com/47/52/58/item/1000048585247_i1_232.jpg
"[매장픽업] 도멘 피롱, 크레망 드 부르고뉴","40,500",item.ssgcdn.com/87/89/85/item/1000043858987_i1_232.jpg
[매장픽업] 맥스 리제르바 까르미네르(레드와인),"22,410",item.ssgcdn.com/87/89/85/item/1000043858987_i2_232.jpg
[매장픽업]콜럼비아 크레스트 H3 샤도네이 (화이트와인),"46,000",item.ssgcdn.com/42/53/42/item/1000044425342_i1_232.jpg
[매장픽업] 아스코니 리슬링 아이스와인 블루라벨,"27,000",item.ssgcdn.com/76/94/63/item/1000045639476_i1_232.jpg
[매장픽업] 펜폴즈 빈 798 RWT 쉬라즈 2017,"315,000",item.ssgcdn.com/76/94/63/item/1000045639476_i2_232.jpg
[매장픽업]케익브레드 댄싱 베어 랜치 (레드와인),"306,000",item.ssgcdn.com/80/69/18/item/1000051186980_i1_232.jpg
[매장픽업]뿌삐유 (레드와인),"60,000",item.ssgcdn.com/80/69/18/item/1000051186980_i2_232.jpg
[매장픽업] 몬테스 알파 블랙 샤도네이 750ML (화이트 와인),"41,850",item.ssgcdn.com/54/22/29/item/1000049292254_i1_232.jpg
[매장픽업] 양가라 쉬라즈(레드와인),"49,500",item.ssgcdn.com/14/86/09/item/1000051098614_i1_232.jpg
"[매장픽업] 샤토 마이에, 샤토 로셰 가르다 (레드와인)","66,600",item.ssgcdn.com/19/34/86/item/1000055863419_i1_232.jpg
[매장픽업] 몬테스 알파 블랙 피노누아 750ML (레드 와인),"45,000",item.ssgcdn.com/19/34/86/item/1000055863419_i2_232.jpg
몽제아 뮈네레 르 리베르탱 부르고뉴 빠쓰뚜그랭 18,"40,500",item.ssgcdn.com/74/67/84/item/1000043846774_i1_232.jpg
[매장픽업] 샤또 테이시에 쌩떼밀리옹 그랑크뤼,"40,500",item.ssgcdn.com/74/67/84/item/1000043846774_i2_232.jpg
"[매장픽업] 브라운 브라더스 모스까또 로사(스파클링,로제와인)","18,000",item.ssgcdn.com/58/58/27/item/1000147275858_i1_232.jpg
[매장픽업] 몬테스 알파 엠 750ML (레드 와인),"138,600",item.ssgcdn.com/37/98/74/item/1000063749837_i1_232.jpg
"[매장픽업] 뱅상 지라르댕, 샤샤뉴 몽라셰 1er Cru 레 쇼메 2017 (화이트와인)","232,200",item.ssgcdn.com/68/91/26/item/1000049269168_i1_232.jpg
[매장픽업] 보리우 빈야드 나파 까베르네 소비뇽(레드와인),"89,100",item.ssgcdn.com/50/23/20/item/1000043202350_i1_232.jpg
"[매장픽업] 리카솔리 1141, 까살페로 (레드와인)","178,200",item.ssgcdn.com/08/00/58/item/1000065580008_i1_232.jpg
울프 블라스 이글호크 쉬라즈,"16,200",item.ssgcdn.com/28/68/61/item/1000059616828_i1_232.jpg
[매장픽업] 자불레 크로제 에르미타쥬 레 잘레 750ML (레드와인),"38,000",item.ssgcdn.com/78/88/00/item/1000051008878_i1_232.jpg
[매장픽업] 샤또 샤스 스플린 13 (레드와인),"83,700",item.ssgcdn.com/18/82/00/item/1000051008218_i1_232.jpg
샤또 샤스 스플린 17,"89,100",item.ssgcdn.com/89/27/01/item/1000072012789_i1_232.jpg
[매장픽업]빌꺄르 살몽 엑스트라 브뤼,"108,000",item.ssgcdn.com/95/29/27/item/1000049272995_i1_232.jpg
펜폴즈 맥스 카베르네 소비뇽,"54,000",item.ssgcdn.com/24/74/19/item/1000051197424_i1_232.jpg
[스파클링] 발레벨보 모스까또 다스띠,"12,800",item.ssgcdn.com/16/08/01/item/1000072010816_i1_232.jpg
[레드와인] 트라피체 말벡,"9,800",item.ssgcdn.com/06/71/09/item/1000066097106_i1_232.jpg
조쉬 셀라스 까베르네 쇼비뇽,"34,800",item.ssgcdn.com/65/84/74/item/1000063748465_i1_232.jpg
[매장픽업]이기갈 꼬뜨 뒤 론 루즈 375ml (레드와인),"15,300",item.ssgcdn.com/04/59/78/item/1000048785904_i1_232.jpg
레 라마세르 까버네쇼비뇽,"9,800",item.ssgcdn.com/44/53/01/item/1000072015344_i1_232.jpg
[매장픽업]투핸즈 섹시 비스트 (레드와인),"50,000",item.ssgcdn.com/50/82/33/item/1000049338250_i1_232.jpg
운두라가 싱글빈야드 까베르네소비뇽,"19,800",item.ssgcdn.com/09/82/58/item/1000043588209_i1_232.jpg
[매장픽업] 더 페데럴리스트 진판델(레드와인),"45,000",item.ssgcdn.com/09/82/58/item/1000043588209_i2_232.jpg
[레드와인] 세븐 폴스 카베르네 소비뇽,"19,800",item.ssgcdn.com/02/17/85/item/1000043851702_i1_232.jpg
[매장픽업]  파이퍼하이직 뀌베브뤼(스파클링와인),"58,500",item.ssgcdn.com/02/17/85/item/1000043851702_i2_232.jpg
[매장픽업] 빌라엠 로소,"21,600",item.ssgcdn.com/92/76/56/item/1000066567692_i1_232.jpg
프레스코발디 카스틸리오니 끼안티,"32,000",item.ssgcdn.com/76/18/58/item/1000048581876_i1_232.jpg
[화이트와인] 도스 코파스 샤도네이,"4,900",item.ssgcdn.com/76/18/58/item/1000048581876_i2_232.jpg
[매장픽업]루이자도 부르고뉴 샤도네이 375ml (화이트와인),"17,100",item.ssgcdn.com/84/09/41/item/1000051410984_i1_232.jpg
[매장픽업] 뷰 샤또 생 앙드레 (레드와인),"104,400",item.ssgcdn.com/05/31/10/item/1000066103105_i1_232.jpg
"[매장픽업] 로쉬 드 벨렌, 부르고뉴 피노누아 퀴베 리저브 (레드와인)","38,700",item.ssgcdn.com/05/40/86/item/1000043864005_i1_232.jpg
[레드와인] 트라피체 오크캐스크 말벡,"16,800",item.ssgcdn.com/92/81/05/item/1000143058192_i1_232.jpg
[매장픽업]앙드레 끌루에 상파뉴 브뤼 그랑 리저브,"67,500",item.ssgcdn.com/97/43/11/item/1000054114397_i1_232.jpg
프레스코발디 카스텔지오콘도 로쏘 디 몬탈치노,"49,500",item.ssgcdn.com/05/99/49/item/1000051499905_i1_232.jpg
베린져 메인앤바인 진판델 750,"21,800",item.ssgcdn.com/91/48/18/item/1000067184891_i1_232.jpg
[레드와인] 도스코파스 까베르네 소비뇽,"4,900",item.ssgcdn.com/36/22/01/item/1000051012236_i1_232.jpg
[매장픽업]투핸즈 엔젤스쉐어 (레드와인),"50,000",item.ssgcdn.com/08/39/21/item/1000125213908_i1_232.jpg
샤또 랭쉬 바쥬 17,"315,000",item.ssgcdn.com/28/67/79/item/1000044796728_i1_232.jpg
[레드와인] 프론테라 까베르네 소비뇽,"8,800",item.ssgcdn.com/01/05/64/item/1000161640501_i1_232.jpg
[레드와인] 디아블로 피노누아,"12,800",item.ssgcdn.com/60/84/85/item/1000043858460_i1_232.jpg
[스파클링] 모엣샹동 임페리얼,"74,800",item.ssgcdn.com/60/84/85/item/1000043858460_i2_232.jpg
백화점 단독 선런칭! 모엣X카카오프렌즈 리미티드 에디션,"72,000",item.ssgcdn.com/10/16/83/item/1000049831610_i1_232.jpg
[매장픽업] 양가라 쉬라즈(레드와인),"49,500",item.ssgcdn.com/56/51/95/item/1000043955156_i1_232.jpg
몬테스 엔젤스 시크릿 까버네쇼비뇽,"32,800",item.ssgcdn.com/56/51/95/item/1000043955156_i2_232.jpg
[화이트와인] 샤토 생 미셸 컬럼비아 밸리 리슬링,"24,800",item.ssgcdn.com/89/26/27/item/1000049272689_i1_232.jpg
[매장픽업] 시부미놀 샤도네이 (화이트와인),"280,000",item.ssgcdn.com/51/61/42/item/1000044426151_i1_232.jpg
[매장픽업] 베린저 파운더스 소비뇽 블랑,"26,100",item.ssgcdn.com/31/58/75/item/1000063755831_i1_232.jpg
[매장픽업] 아스코니 무스캇 아이스와인 레드라벨,"27,000",item.ssgcdn.com/20/01/58/item/1000065580120_i1_232.jpg
BABE 베이브 레드,"3,600",item.ssgcdn.com/00/11/07/item/1000066071100_i1_232.jpg
[매장픽업] 윌리엄 페브르 샤블리 1500ML (화이트와인),"118,800",item.ssgcdn.com/44/88/79/item/1000050798844_i1_232.jpg
[매장픽업]  엠 샤푸티에 라 시부아즈 꼬스띠에 님(레드와인),"18,900",item.ssgcdn.com/08/14/15/item/1000051151408_i1_232.jpg
[매장픽업]깔멜 앤 조셉 레 크뤼 테라스 뒤 라르작 (레드와인),"45,000",item.ssgcdn.com/88/57/00/item/1000051005788_i1_232.jpg
[매장픽업] 카멜로드 몬테레이 피노누아(레드와인),"90,000",item.ssgcdn.com/28/34/27/item/1000049273428_i1_232.jpg
라벨5 하이볼 패키지,"17,910",item.ssgcdn.com/36/58/06/item/1000163065836_i1_232.jpg
[매장픽업] 아르망  드  브리냑  브뤼 골드,"990,000",item.ssgcdn.com/36/58/06/item/1000163065836_i2_232.jpg
[매장픽업] 엠 샤푸티에 지공다스,"60,300",item.ssgcdn.com/09/28/27/item/1000049272809_i1_232.jpg
간치아 모스카토 다스티 DOCG,"18,000",item.ssgcdn.com/37/21/27/item/1000082272137_i1_232.jpg
간치아 아스티 스푸만떼 DOCG,"18,000",item.ssgcdn.com/00/65/29/item/1000068296500_i1_232.jpg
테레 디 산 레오나르도 375ml (레드와인),"22,500",item.ssgcdn.com/26/95/29/item/1000068299526_i1_232.jpg
프레스코발디 카스텔지오콘도 로쏘 디 몬탈치노,"49,500",item.ssgcdn.com/16/13/01/item/1000051011316_i1_232.jpg
프레스코발디 페라노 끼안티 클라시코,"49,500",item.ssgcdn.com/47/26/57/item/1000066572647_i1_232.jpg
플라네타 샤도네이,"67,500",item.ssgcdn.com/91/18/57/item/1000066571891_i1_232.jpg
"[매장픽업] 뱅상 지라르댕, 상트네 1erCru 르 보르가르 (레드와인)","103,500",item.ssgcdn.com/06/29/08/item/1000066082906_i1_232.jpg
[매장픽업] 빌라 돈 막시미아노(레드와인),"108,000",item.ssgcdn.com/37/80/33/item/1000049338037_i1_232.jpg
[매장픽업] 샤토비뇨 생테밀리옹 그랑크뤼(레드와인),"135,000",item.ssgcdn.com/12/06/27/item/1000049270612_i1_232.jpg
펜폴즈 빈 389 카베르네 쉬라즈,"171,000",item.ssgcdn.com/59/60/73/item/1000045736059_i1_232.jpg
[매장픽업] 아르망  드  브리냑  로제,"1,188,000",item.ssgcdn.com/59/60/73/item/1000045736059_i3_232.jpg
[매장픽업] 헌드레드에이커 아크 까베르네소비뇽,"1,440,000",item.ssgcdn.com/33/18/08/item/1000143081833_i1_232.jpg
[매장픽업]헌드레드에이커 레이스 까베르네소비뇽,"1,620,000",item.ssgcdn.com/06/29/27/item/1000049272906_i1_232.jpg
BABE 베이브 로제,"3,600",item.ssgcdn.com/37/99/28/item/1000049289937_i1_232.jpg
[매장픽업] 카를로 사니 네로 디 트로이아 (레드와인),"22,500",item.ssgcdn.com/61/00/29/item/1000049290061_i1_232.jpg
[매장픽업]플라네타 플럼바고 (레드와인),"27,000",item.ssgcdn.com/01/16/07/item/1000066071601_i1_232.jpg
샤토 생 미셸 컬럼비아 밸리 샤르도네,"30,600",item.ssgcdn.com/98/26/85/item/1000043852698_i1_232.jpg
마헨들 그뤼너 펠트리너 페더슈필,"31,500",item.ssgcdn.com/98/26/85/item/1000043852698_i2_232.jpg
"[매장픽업] 카사 마로네, 아파시멘토 비앙코 (화이트와인)","40,500",item.ssgcdn.com/94/99/79/item/1000044799994_i1_232.jpg
"[매장픽업] 블랜디스 마데이라, 5년 레제르바 (주정강화와인)","43,200",item.ssgcdn.com/27/94/15/item/1000104159427_i1_232.jpg
[매장픽업]  엠 샤푸티에 바케라스(레드와인),"49,500",item.ssgcdn.com/72/54/08/item/1000066085472_i1_232.jpg
[매장픽업]코노수르 싱글빈야드 시라 (레드와인),"52,000",item.ssgcdn.com/47/60/62/item/1000063626047_i1_232.jpg
[매장픽업] 오스본 포트 20년,"84,600",item.ssgcdn.com/66/62/36/item/1000049366266_i1_232.jpg
[매장픽업]  몰리두커 기글팟,"107,100",item.ssgcdn.com/66/62/36/item/1000049366266_i2_232.jpg
[매장픽업]샴페인 코피네 EA 라 꼬까르드,"117,000",item.ssgcdn.com/03/11/65/item/1000043651103_i1_232.jpg
[매장픽업]샴페인 코피네 라 뤼엘르 데 루,"144,000",item.ssgcdn.com/59/83/79/item/1000044798359_i1_232.jpg
에라스 피노 누아,"46,800",item.ssgcdn.com/74/26/58/item/1000065582674_i1_232.jpg
스트라디바리우스 골드,"162,000",item.ssgcdn.com/84/62/95/item/1000043956284_i1_232.jpg
[매장픽업] 만텔라시 사쏘 비앙코(화이트와인),"18,000",item.ssgcdn.com/98/01/80/item/1000044800198_i1_232.jpg
"[매장픽업] 마이펫, 모나스트렐 로제 (로제와인)","22,500",item.ssgcdn.com/89/05/80/item/1000044800589_i1_232.jpg
"[매장픽업] 발데리즈, 로블","31,500",item.ssgcdn.com/90/44/12/item/1000101124490_i1_232.jpg
[매장픽업] 마투아 와인메이커스 릴리즈 소비뇽 블랑,"34,200",item.ssgcdn.com/06/38/42/item/1000147423806_i1_232.jpg
시데랄,"45,000",item.ssgcdn.com/00/35/00/item/1000051003500_i1_232.jpg
[매장픽업] 카이켄 울트라 말벡 750ML (레드와인),"47,000",item.ssgcdn.com/46/40/62/item/1000063624046_i1_232.jpg
[매장픽업] 그란 메달라 까베르네소비뇽(레드와인),"55,800",item.ssgcdn.com/28/25/97/item/1000048972528_i1_232.jpg
샤토 생 미셸 콜드 크릭 샤르도네,"57,600",item.ssgcdn.com/45/67/57/item/1000065576745_i1_232.jpg
[매장픽업]뻬스께라 레세르바 (레드와인),"75,000",item.ssgcdn.com/86/73/57/item/1000065577386_i1_232.jpg
버진 드 발랑드로 2017,"108,000",item.ssgcdn.com/18/59/58/item/1000048585918_i1_232.jpg
[매장픽업]  이기갈 에르미타쥐 루즈 아트 (레드와인),"120,000",item.ssgcdn.com/24/89/69/item/1000048698924_i1_232.jpg
[매장픽업] 미라피오레 바롤로 (레드와인),"120,600",item.ssgcdn.com/45/47/14/item/1000101144745_i1_232.jpg
[매장픽업]울프 블라스 옐로라벨 샤도네이,"27,000",item.ssgcdn.com/55/09/19/item/1000043190955_i1_232.jpg
[매장픽업] 덕혼 패러덕스 750ML (레드와인),"135,000",item.ssgcdn.com/55/88/22/item/1000085228855_i1_232.jpg
[매장픽업] 샴페인 꽁 드 라모뜨 브뤼 750ML (샴페인),"77,400",item.ssgcdn.com/96/77/19/item/1000043197796_i1_232.jpg
[매장픽업] 베린저 메인앤바인 메를로,"17,010",item.ssgcdn.com/60/60/86/item/1000083866060_i1_232.jpg
간치아 브라께또 다뀌 DOCG,"22,500",item.ssgcdn.com/60/60/86/item/1000083866060_i2_232.jpg
[매장픽업] 제라르 베르트랑 그랑 떼루아르 또따벨 (레드와인),"29,700",item.ssgcdn.com/20/38/21/item/1000063213820_i1_232.jpg
[매장픽업] 이기갈 꼬뜨 뒤 론 블랑 (화이트와인),"30,000",item.ssgcdn.com/10/68/79/item/1000050796810_i1_232.jpg
[매장픽업]칸티 프로세코 DOC 1500ml,"34,200",item.ssgcdn.com/95/61/96/item/1000071966195_i1_232.jpg
"[매장픽업] 에밀리아나, 살바헤 (레드와인)","34,200",item.ssgcdn.com/79/35/36/item/1000064363579_i1_232.jpg
[매장픽업] 메달라 말벡,"37,800",item.ssgcdn.com/60/87/29/item/1000068298760_i1_232.jpg
서브미션 로제,"40,500",item.ssgcdn.com/02/58/85/item/1000043855802_i1_232.jpg
"[매장픽업] 핀카 바카라,타바(공룡)","40,500",item.ssgcdn.com/02/58/85/item/1000043855802_i2_232.jpg
"[매장픽업] 블랜디스 마데이라, 듀크 오브 클라렌스 3년 (주정강화와인)","45,000",item.ssgcdn.com/04/07/80/item/1000044800704_i1_232.jpg
[매장픽업] 루이라뚜르 피노누아(레드와인),"49,500",item.ssgcdn.com/98/01/12/item/1000051120198_i1_232.jpg
[매장픽업] 샴페인 트리보 브뤼 오리진 750ML (샴페인),"56,700",item.ssgcdn.com/80/13/86/item/1000043861380_i1_232.jpg
[매장픽업] 그란 메달라 말벡,"58,500",item.ssgcdn.com/80/13/86/item/1000043861380_i2_232.jpg
[매장픽업] 나파 셀라 까베르네 소비뇽(레드와인),"76,500",item.ssgcdn.com/86/50/25/item/1000082255086_i1_232.jpg
[매장픽업] 미켈레 끼아를로 바롤로 팔라스,"84,600",item.ssgcdn.com/27/03/03/item/1000072030327_i1_232.jpg
[매장픽업] 젠틀맨즈 컬렉션 까베르네 소비뇽(레드와인),"90,000",item.ssgcdn.com/94/18/97/item/1000048971894_i1_232.jpg
[매장픽업] 샤또 라뚜르 뒤 팽 2008 (레드와인),"108,000",item.ssgcdn.com/28/64/36/item/1000049366428_i1_232.jpg
[매장픽업] 그르기치 까베르네 소비뇽  750ML (레드와인),"129,600",item.ssgcdn.com/28/64/36/item/1000049366428_i2_232.jpg
더 마스코트 까베르네 소비뇽 (레드와인),"351,000",item.ssgcdn.com/97/82/84/item/1000043848297_i1_232.jpg
샤또 라피트 로칠드 1998,"2,070,000",item.ssgcdn.com/97/82/84/item/1000043848297_i2_232.jpg
장 미셸 기불로 사비니 레 본 루즈 17,"54,000",item.ssgcdn.com/15/97/01/item/1000072019715_i1_232.jpg
[매장픽업] 루이자도 샤블리 그랑크뤼 블랑쇼 (화이트와인),"162,000",item.ssgcdn.com/49/85/24/item/1000082248549_i1_232.jpg
"[매장픽업] 살로몽 운트호프, 리드 쾨글 리슬링","44,100",item.ssgcdn.com/52/59/69/item/1000043695952_i1_232.jpg
[매장픽업] 샤를 도떼일 샴페인 브륏(스파클링와인),"67,500",item.ssgcdn.com/92/70/45/item/1000063457092_i1_232.jpg
[매장픽업] 펜폴즈 빈 28 칼림나 쉬라즈(레드와인),"72,000",item.ssgcdn.com/19/15/27/item/1000049271519_i1_232.jpg
샤또 지스꾸르 15 (레드와인),"216,000",item.ssgcdn.com/12/35/86/item/1000045863512_i1_232.jpg
[스파클링] 발레벨보 모스까또 다스띠,"12,800",item.ssgcdn.com/66/96/86/item/1000043869666_i1_232.jpg
[레드와인] 트라피체 말벡,"9,800",item.ssgcdn.com/93/97/00/item/1000051009793_i1_232.jpg
조쉬 셀라스 까베르네 쇼비뇽,"34,800",item.ssgcdn.com/57/90/26/item/1000147269057_i1_232.jpg
[매장픽업]이기갈 꼬뜨 뒤 론 루즈 375ml (레드와인),"15,300",item.ssgcdn.com/60/83/56/item/1000066568360_i1_232.jpg
레 라마세르 까버네쇼비뇽,"9,800",item.ssgcdn.com/33/04/43/item/1000044430433_i1_232.jpg
[매장픽업]투핸즈 섹시 비스트 (레드와인),"50,000",item.ssgcdn.com/66/13/97/item/1000048971366_i1_232.jpg
운두라가 싱글빈야드 까베르네소비뇽,"19,800",item.ssgcdn.com/85/28/78/item/1000043782885_i1_232.jpg
[매장픽업] 더 페데럴리스트 진판델(레드와인),"45,000",item.ssgcdn.com/53/71/69/item/1000048697153_i1_232.jpg
[레드와인] 세븐 폴스 카베르네 소비뇽,"19,800",item.ssgcdn.com/39/08/41/item/1000051410839_i1_232.jpg
[매장픽업]  파이퍼하이직 뀌베브뤼(스파클링와인),"58,500",item.ssgcdn.com/97/43/11/item/1000054114397_i1_232.jpg
[매장픽업] 빌라엠 로소,"21,600",item.ssgcdn.com/05/99/49/item/1000051499905_i1_232.jpg
프레스코발디 카스틸리오니 끼안티,"32,000",item.ssgcdn.com/91/48/18/item/1000067184891_i1_232.jpg
[화이트와인] 도스 코파스 샤도네이,"4,900",item.ssgcdn.com/36/22/01/item/1000051012236_i1_232.jpg
[매장픽업]루이자도 부르고뉴 샤도네이 375ml (화이트와인),"17,100",item.ssgcdn.com/08/39/21/item/1000125213908_i1_232.jpg
[매장픽업] 뷰 샤또 생 앙드레 (레드와인),"104,400",item.ssgcdn.com/28/67/79/item/1000044796728_i1_232.jpg
"[매장픽업] 로쉬 드 벨렌, 부르고뉴 피노누아 퀴베 리저브 (레드와인)","38,700",item.ssgcdn.com/01/05/64/item/1000161640501_i1_232.jpg
[레드와인] 트라피체 오크캐스크 말벡,"16,800",item.ssgcdn.com/60/84/85/item/1000043858460_i1_232.jpg
[매장픽업]앙드레 끌루에 상파뉴 브뤼 그랑 리저브,"67,500",item.ssgcdn.com/60/84/85/item/1000043858460_i2_232.jpg
프레스코발디 카스텔지오콘도 로쏘 디 몬탈치노,"49,500",item.ssgcdn.com/10/16/83/item/1000049831610_i1_232.jpg
베린져 메인앤바인 진판델 750,"21,800",item.ssgcdn.com/56/51/95/item/1000043955156_i1_232.jpg
[레드와인] 도스코파스 까베르네 소비뇽,"4,900",item.ssgcdn.com/56/51/95/item/1000043955156_i2_232.jpg
[매장픽업]투핸즈 엔젤스쉐어 (레드와인),"50,000",item.ssgcdn.com/89/26/27/item/1000049272689_i1_232.jpg
샤또 랭쉬 바쥬 17,"315,000",item.ssgcdn.com/33/33/61/item/1000065613333_i1_232.jpg
[레드와인] 프론테라 까베르네 소비뇽,"8,800",item.ssgcdn.com/59/97/83/item/1000049839759_i1_232.jpg
[레드와인] 디아블로 피노누아,"12,800",item.ssgcdn.com/45/85/00/item/1000051008545_i1_232.jpg
[스파클링] 모엣샹동 임페리얼,"74,800",item.ssgcdn.com/88/00/19/item/1000051190088_i1_232.jpg
백화점 단독 선런칭! 모엣X카카오프렌즈 리미티드 에디션,"72,000",item.ssgcdn.com/88/00/19/item/1000051190088_i2_232.jpg
[매장픽업] 양가라 쉬라즈(레드와인),"49,500",item.ssgcdn.com/17/32/33/item/1000049333217_i1_232.jpg
몬테스 엔젤스 시크릿 까버네쇼비뇽,"32,800",item.ssgcdn.com/17/32/33/item/1000049333217_i2_232.jpg
[화이트와인] 샤토 생 미셸 컬럼비아 밸리 리슬링,"24,800",item.ssgcdn.com/84/61/26/item/1000049266184_i1_232.jpg
[매장픽업] 끌로 모가도르(레드와인),"405,000",item.ssgcdn.com/80/68/26/item/1000049266880_i1_232.jpg
[매장픽업]샴페인 코피네 자댕 소바쥬,"108,000",item.ssgcdn.com/46/03/63/item/1000043630346_i1_232.jpg
[매장픽업] 솔리타 스파클링 브뤼,"9,000",item.ssgcdn.com/07/37/31/item/1000068313707_i1_232.jpg
[매장픽업] 피치니 네로 다볼라 (레드와인),"13,500",item.ssgcdn.com/49/97/00/item/1000051009749_i1_232.jpg
울프 블라스 이글호크 까베르네 소비뇽,"16,200",item.ssgcdn.com/29/45/56/item/1000066564529_i1_232.jpg
샤토 생 미셸 컬럼비아 밸리 까.쇼 50주년,"33,300",item.ssgcdn.com/71/29/13/item/1000104132971_i1_232.jpg
몽제아 뮈네레 라 수페르브 꼬또 부르기뇽 19,"40,500",item.ssgcdn.com/70/41/09/item/1000066094170_i1_232.jpg
[매장픽업]  샤를르 드 까자노브 로제,"45,000",item.ssgcdn.com/30/51/19/item/1000043195130_i1_232.jpg
[매장픽업] 세르 라포 끼안띠 클라시코 리제르바 (레드와인),"45,000",item.ssgcdn.com/67/84/85/item/1000043858467_i1_232.jpg
[매장픽업] 주베 이 깜프 브뤼 로제 (스파클링와인),"45,000",item.ssgcdn.com/67/84/85/item/1000043858467_i2_232.jpg
샤토 생 미셸 인디언 웰스 샤르도네,"45,000",item.ssgcdn.com/90/29/21/item/1000066212990_i1_232.jpg
[매장픽업]  펜폴즈 맥스 쉬라즈(레드와인),"49,500",item.ssgcdn.com/90/29/21/item/1000066212990_i2_232.jpg
[매장픽업]코노수르 싱글빈야드 까베르네소비뇽 (레드와인),"52,000",item.ssgcdn.com/13/19/15/item/1000101151913_i1_232.jpg
[매장픽업]  몰리두커 더 스쿠터,"53,100",item.ssgcdn.com/66/92/69/item/1000048699266_i1_232.jpg
[매장픽업] 펜폴즈 빈 2 쉬라즈 마타로,"57,600",item.ssgcdn.com/43/46/20/item/1000043204643_i1_232.jpg
[매장픽업]이기갈 지공다스 (레드와인),"66,000",item.ssgcdn.com/78/52/96/item/1000043965278_i1_232.jpg
[매장픽업] 카를로 펠레그리노 마르살라 베르지네 리제르바 빈티지 (레드와인),"94,500",item.ssgcdn.com/07/64/26/item/1000082266407_i1_232.jpg
[매장픽업] 디아블로 리엔다(레드와인),"108,000",item.ssgcdn.com/83/99/86/item/1000043869983_i1_232.jpg
AY 미국 유기농 와인 1호 세트,"108,000",item.ssgcdn.com/43/04/86/item/1000043860443_i1_232.jpg
[매장픽업] 에스쿠도 로호 오리진(레드와인),"108,000",item.ssgcdn.com/43/04/86/item/1000043860443_i2_232.jpg
샤또 라퐁로쉐 2011,"117,000",item.ssgcdn.com/16/98/26/item/1000049269816_i1_232.jpg
[매장픽업] 루이자도 샤블리 그랑크뤼 레끌로  (화이트와인),"162,000",item.ssgcdn.com/60/23/99/item/1000164992360_i1_232.jpg
[매장픽업] 이기갈 꽁드리유 라 도리안 (화이트와인),"180,000",item.ssgcdn.com/37/71/27/item/1000049277137_i1_232.jpg
"[매장픽업] 크룹 브라더스 에스테이트, 더 닥터","226,800",item.ssgcdn.com/18/00/57/item/1000066570018_i1_232.jpg
[매장픽업]이기갈 꼬뜨 로띠 1500ml (레드와인),"261,000",item.ssgcdn.com/04/12/43/item/1000044431204_i1_232.jpg
"[매장픽업] 갤리카, 오크빌 까베르네 소비뇽(레드와인)","324,000",item.ssgcdn.com/49/27/11/item/1000049112749_i1_232.jpg
[매장픽업] 파이 화이트,"29,700",item.ssgcdn.com/49/86/09/item/1000051098649_i1_232.jpg
[매장픽업] 마니피코 푸오코 리제르바,"108,000",item.ssgcdn.com/03/88/11/item/1000051118803_i1_232.jpg
[매장픽업] 비비르 신 도르미르,"22,500",item.ssgcdn.com/69/44/86/item/1000055864469_i1_232.jpg
[매장픽업] 타스카 달메리타 라무리(레드와인),"34,200",item.ssgcdn.com/69/44/86/item/1000055864469_i2_232.jpg
[매장픽업] 주베 이 깜프 레제르바 데 라 파밀리아 (스파클링와인),"45,000",item.ssgcdn.com/31/93/45/item/1000063459331_i1_232.jpg
[매장픽업]  엑스트라 리브르 르 세드르 (레드와인),"89,100",item.ssgcdn.com/19/73/60/item/1000082607319_i1_232.jpg
[매장픽업] 킴 크로포드 라이즈 앤 샤인 피노 누아 750ML (레드와인),"89,100",item.ssgcdn.com/56/34/45/item/1000063453456_i1_232.jpg
"[매장픽업] 클라인 콘스탄시아, 뱅 드 콘스탄스 (스위트와인)","372,600",item.ssgcdn.com/33/52/84/item/1000043845233_i1_232.jpg
펜폴즈 빈 311 샤르도네,"75,600",item.ssgcdn.com/50/13/19/item/1000066191350_i1_232.jpg
"[매장픽업] 디자이아 스파클링 브뤼(스파클링,화이트와인)","9,000",item.ssgcdn.com/50/13/19/item/1000066191350_i2_232.jpg
[매장픽업] 더티 하드셀처 화이트 시트러스,"2,250",item.ssgcdn.com/96/03/02/item/1000044020396_i1_232.jpg
[매장픽업] 더티 하드셀처 라즈베리,"2,250",item.ssgcdn.com/91/86/58/item/1000048588691_i1_232.jpg
[매장픽업] 베린저 메인앤바인 카베르네 소비뇽,"17,010",item.ssgcdn.com/36/40/89/item/1000083894036_i1_232.jpg
[매장픽업] 베린저 메인앤바인 샤르도네,"17,010",item.ssgcdn.com/36/40/89/item/1000083894036_i2_232.jpg
[매장픽업] 베린저 메인앤바인 레드 크러쉬,"17,010",item.ssgcdn.com/21/79/07/item/1000143077921_i1_232.jpg
[매장픽업] 핀카 라스 모라스 레세르바 말벡(레드와인),"17,100",item.ssgcdn.com/82/20/00/item/1000051002082_i1_232.jpg
[매장픽업] 에두아르도 베르메호 템프라니요,"18,000",item.ssgcdn.com/87/34/31/item/1000072313487_i1_232.jpg
[매장픽업] 마르케스 데 톨레도 리제르바 750ML (레드와인),"20,000",item.ssgcdn.com/30/89/31/item/1000072318930_i1_232.jpg
프레스코발디 레몰레 비앙코,"22,500",item.ssgcdn.com/34/58/47/item/1000063475834_i1_232.jpg
[매장픽업] 베린저 파운더스 카베르네 소비뇽,"26,100",item.ssgcdn.com/48/40/36/item/1000064364048_i1_232.jpg
[매장픽업]울프 블라스 옐로라벨 쉬라즈,"27,000",item.ssgcdn.com/40/37/36/item/1000064363740_i1_232.jpg
[매장픽업] 와인메이커스 시리즈 쉬라즈,"27,000",item.ssgcdn.com/01/61/65/item/1000043656101_i1_232.jpg
도멘 생 미셸 엑스트라 드라이,"27,000",item.ssgcdn.com/45/02/58/item/1000065580245_i1_232.jpg
[매장픽업]  파이 레드(레드와인),"29,700",item.ssgcdn.com/23/34/78/item/1000055783423_i1_232.jpg
[매장픽업] 타라파카 그란 레세르바 까베르네 소비뇽 (레드와인),"29,700",item.ssgcdn.com/11/06/57/item/1000066570611_i1_232.jpg
[매장픽업]코노수르 레세르바 메를로 (레드와인),"30,000",item.ssgcdn.com/17/54/75/item/1000063755417_i1_232.jpg
[매장픽업] 올드 소울 까베르네 소비뇽 750ML (레드와인),"30,000",item.ssgcdn.com/72/32/21/item/1000063213272_i1_232.jpg
[매장픽업] 루피노 끼안티 750ML (레드와인),"30,000",item.ssgcdn.com/60/90/23/item/1000082239060_i1_232.jpg
[매장픽업] 마르께스 데 까사 콘차 메를로,"31,500",item.ssgcdn.com/95/80/31/item/1000068318095_i1_232.jpg
펜폴즈 쿠능가 힐 카베르네 소비뇽,"31,500",item.ssgcdn.com/91/18/70/item/1000048701891_i1_232.jpg
[매장픽업]  ☆레드잔 증정☆  슬링샷 까베르네소비뇽,"31,500",item.ssgcdn.com/64/62/85/item/1000043856264_i1_232.jpg
[매장픽업] 펜폴즈 쿠능가 힐 쉬라즈 까베르네,"31,500",item.ssgcdn.com/64/62/85/item/1000043856264_i2_232.jpg
[매장픽업] 만텔라시 푼톤 델 소로보 DOC(레드와인),"31,500",item.ssgcdn.com/18/12/01/item/1000051011218_i1_232.jpg
펜폴즈 쿠능가 힐 샤르도네,"31,500",item.ssgcdn.com/41/63/58/item/1000048586341_i1_232.jpg
샤토 생 미셸 컬럼비아 밸리 메를로,"33,300",item.ssgcdn.com/09/34/78/item/1000055783409_i1_232.jpg
샤토 생 미셸 컬럼비아 밸리 카베르네 소비뇽,"33,300",item.ssgcdn.com/94/25/30/item/1000082302594_i1_232.jpg
베테 디 산 레오나르도,"34,200",item.ssgcdn.com/80/13/11/item/1000143111380_i1_232.jpg
"[매장픽업] 마이클 몬다비 패밀리, `스펠바운드` 샤도네이","34,200",item.ssgcdn.com/68/80/41/item/1000054418068_i1_232.jpg
[매장픽업] 쏜 클락 샷파이어 쉬라즈 (레드와인),"38,700",item.ssgcdn.com/68/80/41/item/1000054418068_i2_232.jpg
[매장픽업] 카모미 비앙코 디 카모미  750ML (화이트와인),"38,700",item.ssgcdn.com/63/80/45/item/1000063458063_i1_232.jpg
펜폴즈 쿠능가 힐 어텀 리슬링,"39,600",item.ssgcdn.com/05/13/70/item/1000048701305_i1_232.jpg
트러블메이커,"40,500",item.ssgcdn.com/74/29/09/item/1000143092974_i1_232.jpg
[매장픽업] 마르께스 데 리스칼 레세르바 (레드와인),"40,500",item.ssgcdn.com/69/13/15/item/1000104151369_i1_232.jpg
[매장픽업]콜럼비아 크레스트 H3 레 슈보 레드 (레드와인),"42,000",item.ssgcdn.com/20/62/18/item/1000104186220_i1_232.jpg
[매장픽업] 샤또 시트랑 13,"43,200",item.ssgcdn.com/74/40/13/item/1000065134074_i1_232.jpg
[매장픽업] 메이오미 카버네 소비뇽 750ML (레드와인),"44,100",item.ssgcdn.com/21/02/75/item/1000063750221_i1_232.jpg
[매장픽업] 올드 진판델 바인 레드 블렌드 750ML (레드와인),"45,000",item.ssgcdn.com/73/77/85/item/1000043857773_i1_232.jpg
[매장픽업]  샤또 생 미셸 인디언 웰스 메를로(레드와인),"45,000",item.ssgcdn.com/73/77/85/item/1000043857773_i2_232.jpg
[매장픽업]깔멜 앤 조셉 레 크뤼 몽페이루 (레드와인),"45,000",item.ssgcdn.com/37/06/87/item/1000043870637_i1_232.jpg
프레스코발디 니포짜노 끼안티 리제르바,"46,800",item.ssgcdn.com/87/59/10/item/1000143105987_i1_232.jpg
[매장픽업] 보엔 샤르도네(화이트와인),"51,300",item.ssgcdn.com/70/78/03/item/1000072037870_i1_232.jpg
"[매장픽업] 로카 디 몬테그로시, 키안티 클라시코","53,100",item.ssgcdn.com/09/81/85/item/1000043858109_i1_232.jpg
"[매장픽업] 샤토 페랑드, 루즈","53,100",item.ssgcdn.com/09/81/85/item/1000043858109_i2_232.jpg
[매장픽업] F 네그로아마로,"54,000",item.ssgcdn.com/50/88/79/item/1000044798850_i1_232.jpg
[스파클링] 발레벨보 모스까또 다스띠,"12,800",item.ssgcdn.com/02/26/43/item/1000051432602_i1_232.jpg
[레드와인] 트라피체 말벡,"9,800",item.ssgcdn.com/07/57/83/item/1000063835707_i1_232.jpg
조쉬 셀라스 까베르네 쇼비뇽,"34,800",item.ssgcdn.com/00/84/58/item/1000048588400_i1_232.jpg
[매장픽업]이기갈 꼬뜨 뒤 론 루즈 375ml (레드와인),"15,300",item.ssgcdn.com/25/07/70/item/1000048700725_i1_232.jpg
레 라마세르 까버네쇼비뇽,"9,800",item.ssgcdn.com/25/70/00/item/1000051007025_i1_232.jpg
[매장픽업]투핸즈 섹시 비스트 (레드와인),"50,000",item.ssgcdn.com/80/13/57/item/1000066571380_i1_232.jpg
운두라가 싱글빈야드 까베르네소비뇽,"19,800",item.ssgcdn.com/21/06/65/item/1000043650621_i1_232.jpg
[매장픽업] 더 페데럴리스트 진판델(레드와인),"45,000",item.ssgcdn.com/56/20/97/item/1000048972056_i1_232.jpg
[레드와인] 세븐 폴스 카베르네 소비뇽,"19,800",item.ssgcdn.com/12/28/97/item/1000048972812_i1_232.jpg
[매장픽업]  파이퍼하이직 뀌베브뤼(스파클링와인),"58,500",item.ssgcdn.com/21/12/62/item/1000070621221_i1_232.jpg
[매장픽업] 빌라엠 로소,"21,600",item.ssgcdn.com/97/43/11/item/1000054114397_i1_232.jpg
프레스코발디 카스틸리오니 끼안티,"32,000",item.ssgcdn.com/05/99/49/item/1000051499905_i1_232.jpg
[화이트와인] 도스 코파스 샤도네이,"4,900",item.ssgcdn.com/91/48/18/item/1000067184891_i1_232.jpg
[매장픽업]루이자도 부르고뉴 샤도네이 375ml (화이트와인),"17,100",item.ssgcdn.com/36/22/01/item/1000051012236_i1_232.jpg
[매장픽업] 뷰 샤또 생 앙드레 (레드와인),"104,400",item.ssgcdn.com/08/39/21/item/1000125213908_i1_232.jpg
"[매장픽업] 로쉬 드 벨렌, 부르고뉴 피노누아 퀴베 리저브 (레드와인)","38,700",item.ssgcdn.com/28/67/79/item/1000044796728_i1_232.jpg
[레드와인] 트라피체 오크캐스크 말벡,"16,800",item.ssgcdn.com/01/05/64/item/1000161640501_i1_232.jpg
[매장픽업]앙드레 끌루에 상파뉴 브뤼 그랑 리저브,"67,500",item.ssgcdn.com/60/84/85/item/1000043858460_i1_232.jpg
프레스코발디 카스텔지오콘도 로쏘 디 몬탈치노,"49,500",item.ssgcdn.com/60/84/85/item/1000043858460_i2_232.jpg
베린져 메인앤바인 진판델 750,"21,800",item.ssgcdn.com/10/16/83/item/1000049831610_i1_232.jpg
[레드와인] 도스코파스 까베르네 소비뇽,"4,900",item.ssgcdn.com/56/51/95/item/1000043955156_i1_232.jpg
[매장픽업]투핸즈 엔젤스쉐어 (레드와인),"50,000",item.ssgcdn.com/56/51/95/item/1000043955156_i2_232.jpg
샤또 랭쉬 바쥬 17,"315,000",item.ssgcdn.com/89/26/27/item/1000049272689_i1_232.jpg
[레드와인] 프론테라 까베르네 소비뇽,"8,800",item.ssgcdn.com/33/33/61/item/1000065613333_i1_232.jpg
[레드와인] 디아블로 피노누아,"12,800",item.ssgcdn.com/59/97/83/item/1000049839759_i1_232.jpg
[스파클링] 모엣샹동 임페리얼,"74,800",item.ssgcdn.com/45/85/00/item/1000051008545_i1_232.jpg
백화점 단독 선런칭! 모엣X카카오프렌즈 리미티드 에디션,"72,000",item.ssgcdn.com/88/00/19/item/1000051190088_i1_232.jpg
[매장픽업] 양가라 쉬라즈(레드와인),"49,500",item.ssgcdn.com/88/00/19/item/1000051190088_i2_232.jpg
몬테스 엔젤스 시크릿 까버네쇼비뇽,"32,800",item.ssgcdn.com/17/32/33/item/1000049333217_i1_232.jpg
[화이트와인] 샤토 생 미셸 컬럼비아 밸리 리슬링,"24,800",item.ssgcdn.com/17/32/33/item/1000049333217_i2_232.jpg
[매장픽업] 나파 셀라 피노누아,"58,500",item.ssgcdn.com/08/54/45/item/1000063455408_i1_232.jpg
[매장픽업] 알바로 팔라시오스 페탈로스 750ML (레드와인),"59,400",item.ssgcdn.com/17/66/57/item/1000048576617_i1_232.jpg
"[매장픽업] 발데리즈, 발데리즈","63,000",item.ssgcdn.com/50/22/97/item/1000048972250_i1_232.jpg
"[매장픽업] 로버트 오틀리, 피니스테르 샤르도네 (화이트와인)","69,300",item.ssgcdn.com/00/23/27/item/1000068272300_i1_232.jpg
"[매장픽업] 로버트 오틀리, 피니스테르 시라즈 (레드와인)","69,300",item.ssgcdn.com/00/23/27/item/1000068272300_i2_232.jpg
[매장픽업] 레오나르도 다 빈치 끼안티 리제르바  750ML (레드와인),"70,000",item.ssgcdn.com/28/39/27/item/1000068273928_i1_232.jpg
[매장픽업]  샤또 사미옹(레드와인),"71,100",item.ssgcdn.com/28/39/27/item/1000068273928_i2_232.jpg
[매장픽업] 샤또드샤미레 메르퀴레 레드(레드와인),"71,100",item.ssgcdn.com/31/79/03/item/1000045037931_i1_232.jpg
[매장픽업] 주베 이 깜프 블랑 드 누아 (스파클링와인),"71,100",item.ssgcdn.com/73/74/94/item/1000043947473_i1_232.jpg
"[매장픽업] 안셀미, 카피텔리,베네토 375ml (화이트와인)","72,000",item.ssgcdn.com/73/74/94/item/1000043947473_i2_232.jpg
"[매장픽업] 매티스, 그리나쉬","72,000",item.ssgcdn.com/34/30/94/item/1000043943034_i1_232.jpg
[매장픽업] 글로리오소 리오하 크리안자(레드와인),"72,000",item.ssgcdn.com/34/30/94/item/1000043943034_i2_232.jpg
[매장픽업] 필리프  (레드와인),"77,400",item.ssgcdn.com/99/66/18/item/1000066186699_i1_232.jpg
"[매장픽업] 도멘 자우메, 비네아 나뚜라 (레드와인)","79,000",item.ssgcdn.com/99/66/18/item/1000066186699_i2_232.jpg
[매장픽업] 샤또 까망삭13 (레드와인),"83,700",item.ssgcdn.com/70/40/11/item/1000051114070_i1_232.jpg
샤또 크로아제 바쥐 2013,"85,500",item.ssgcdn.com/70/40/11/item/1000051114070_i2_232.jpg
펜폴즈 빈 138,"85,500",item.ssgcdn.com/97/03/75/item/1000063750397_i1_232.jpg
샤또 글로리아 2013 (레드와인),"85,500",item.ssgcdn.com/06/64/85/item/1000043856406_i1_232.jpg
[매장픽업]  스튜워트 셀러 타탄 레드 17,"89,100",item.ssgcdn.com/06/64/85/item/1000043856406_i2_232.jpg
[매장픽업] 메이오미 피노누아 750ML (레드와인),"90,000",item.ssgcdn.com/12/98/85/item/1000043859812_i1_232.jpg
[매장픽업] 유 원 프리미티보 만두리아,"90,000",item.ssgcdn.com/12/98/85/item/1000043859812_i2_232.jpg
[매장픽업] 까델 보스코 프란치아코르타 뀌베 엑스트라 브륏 750ML (드라이스파클링와인),"92,700",item.ssgcdn.com/12/89/85/item/1000043858912_i1_232.jpg
[매장픽업] 에라스 리랜드 피노 누아(레드와인),"97,200",item.ssgcdn.com/12/89/85/item/1000043858912_i2_232.jpg
[매장픽업] 뷰 샤또 생 앙드레 (레드와인),"104,400",item.ssgcdn.com/20/11/41/item/1000051411120_i1_232.jpg
[매장픽업]카바이 메를로 (레드와인),"108,000",item.ssgcdn.com/91/46/22/item/1000085224691_i1_232.jpg
"[매장픽업] 후프스, 샤도네이 제니스 빈야드(화이트와인)","118,800",item.ssgcdn.com/75/24/06/item/1000143062475_i1_232.jpg
"[매장픽업] 도멘 베르나르 바이에뜨, 뉘앙스 드 그레 (화이트와인)","119,000",item.ssgcdn.com/25/63/40/item/1000051406325_i1_232.jpg
아티스트 시리즈(레드와인),"124,200",item.ssgcdn.com/25/37/01/item/1000055013725_i1_232.jpg
[매장픽업] 프레드릭,"125,100",item.ssgcdn.com/35/45/86/item/1000043864535_i1_232.jpg
[매장픽업]투핸즈 벨라스 가든 (레드와인),"130,000",item.ssgcdn.com/00/30/61/item/1000082613000_i1_232.jpg
[매장픽업]투핸즈 릴리스 가든 (레드와인),"130,000",item.ssgcdn.com/85/89/58/item/1000048588985_i1_232.jpg
샤또 라 라귄 2017,"135,000",item.ssgcdn.com/94/66/65/item/1000043656694_i1_232.jpg
[매장픽업] 리파 마그나 코르비나,"135,000",item.ssgcdn.com/88/00/19/item/1000051190088_i1_232.jpg
[매장픽업] P+S 크리세이야(레드와인),"138,600",item.ssgcdn.com/88/00/19/item/1000051190088_i2_232.jpg
샤또 지스꾸르 2017,"157,500",item.ssgcdn.com/67/85/84/item/1000043848567_i1_232.jpg
[매장픽업] 탑 와인메이커스 탑 블랜드 (레드와인),"169,200",item.ssgcdn.com/85/21/86/item/1000055862185_i1_232.jpg
[매장픽업] 콜 솔라레,"205,200",item.ssgcdn.com/75/62/33/item/1000049336275_i1_232.jpg
[매장픽업] 시에피 (레드와인),"225,000",item.ssgcdn.com/75/62/33/item/1000049336275_i2_232.jpg
샤또 뽕떼 까네 2013,"257,400",item.ssgcdn.com/43/77/65/item/1000043657743_i1_232.jpg
"[매장픽업] 후프스, 오크빌 까베르네 소비뇽(레드와인)","259,200",item.ssgcdn.com/29/44/23/item/1000064234429_i1_232.jpg
[매장픽업] 까르민 데 페우모,"270,000",item.ssgcdn.com/46/44/79/item/1000044794446_i1_232.jpg
펜폴즈 야타나 샤르도네,"315,000",item.ssgcdn.com/48/70/79/item/1000044797048_i1_232.jpg
"[매장픽업] 갤리카, 오크빌 까베르네 프랑(레드와인)","324,000",item.ssgcdn.com/52/17/24/item/1000085241752_i1_232.jpg
[매장픽업] 시부미놀 까베르네소비뇽 (레드와인),"400,000",item.ssgcdn.com/49/89/61/item/1000082618949_i1_232.jpg
[매장픽업] 필립 토그니 나파밸리 까베르네 소비뇽,"405,000",item.ssgcdn.com/61/05/64/item/1000043640561_i1_232.jpg
"[매장픽업] 램본, 카베르네 쇼비뇽 (레드와인)","504,000",item.ssgcdn.com/65/19/28/item/1000147281965_i1_232.jpg
[매장픽업] 레디가피,"720,000",item.ssgcdn.com/21/57/54/item/1000045545721_i1_232.jpg
"[매장픽업] 비온디  산티, BdM DOCG 리제르바 1997 (레드와인)","1,305,000",item.ssgcdn.com/15/66/22/item/1000064226615_i1_232.jpg
"[매장픽업] 나파 하이랜즈, 카베르네 소비뇽","83,700",item.ssgcdn.com/66/29/86/item/1000043862966_i1_232.jpg
[매장픽업]샤또 뻬데스끌로 13 (레드와인),"117,000",item.ssgcdn.com/66/29/86/item/1000043862966_i2_232.jpg
[매장픽업] 샤또 끼르완 17,"135,000",item.ssgcdn.com/66/04/26/item/1000147260466_i1_232.jpg
펜폴즈 빈 407 카베르네 소비뇽,"171,000",item.ssgcdn.com/73/99/85/item/1000055859973_i1_232.jpg
[매장픽업]카바이 암포라 (화이트와인),"270,000",item.ssgcdn.com/88/78/22/item/1000064227888_i1_232.jpg
[매장픽업] 가또 네그로 소비뇽블랑375ml(화이트와인),"7,200",item.ssgcdn.com/98/80/08/item/1000143088098_i1_232.jpg
[매장픽업] 샤또 부스코 블랑 17,"117,000",item.ssgcdn.com/65/50/86/item/1000055865065_i1_232.jpg
[매장픽업] 주베 이 깜프 그란 주베 이 깜프 (스파클링와인),"86,400",item.ssgcdn.com/65/50/86/item/1000055865065_i2_232.jpg
"[매장픽업] 코폴라 와이너리, 디렉터스 컷 시네마 (레드와인)","81,000",item.ssgcdn.com/17/70/42/item/1000044427017_i1_232.jpg
[매장픽업]  콜롬비아크레스트 리저브 까베르네소비뇽 와토마 스프링스 빈야드 (레드와인),"117,000",item.ssgcdn.com/67/13/23/item/1000064231367_i1_232.jpg
"[매장픽업] 램본, 진판델 2016 (레드와인)","151,200",item.ssgcdn.com/26/94/37/item/1000049379426_i1_232.jpg
울프 블라스 이글호크 샤도네이,"16,200",item.ssgcdn.com/26/94/37/item/1000049379426_i2_232.jpg
[매장픽업] 샤또 무똥 로쉴드 09 (레드와인),"2,039,400",item.ssgcdn.com/27/97/28/item/1000049289727_i1_232.jpg
[매장픽업] 파이퍼 하이직 레어,"495,000",item.ssgcdn.com/98/05/37/item/1000049370598_i1_232.jpg
[매장픽업] 루이자도 샤사뉴 몽라쉐  (화이트와인),"120,000",item.ssgcdn.com/98/05/37/item/1000049370598_i2_232.jpg
[매장픽업] 엠 샤푸티에 라스토(레드와인),"35,100",item.ssgcdn.com/69/96/74/item/1000063749669_i1_232.jpg
[매장픽업]  운두라가 파운더스 컬렉션 까베르네 소비뇽 (레드와인),"49,500",item.ssgcdn.com/60/24/43/item/1000051432460_i1_232.jpg
[매장픽업] 까스텔포르테 아마로네 델라 발폴리첼라,"45,000",item.ssgcdn.com/39/01/80/item/1000058800139_i1_232.jpg
[매장픽업] 도멘 생 미셸 브뤼,"27,000",item.ssgcdn.com/95/51/08/item/1000143085195_i1_232.jpg
[매장픽업] 셀리에 데 프린스 꼬뜨뒤론 그랑리저브(레드와인),"40,500",item.ssgcdn.com/56/96/84/item/1000043849656_i1_232.jpg
드림스 오브 골드 쉬라즈,"50,000",item.ssgcdn.com/64/64/99/item/1000050996464_i1_232.jpg
[매장픽업] 끌로뒤발 까베르네 쇼비뇽(레드와인),"162,000",item.ssgcdn.com/73/05/80/item/1000058800573_i1_232.jpg
[매장픽업] 돈 막시미아노(레드와인),"225,000",item.ssgcdn.com/78/53/18/item/1000066185378_i1_232.jpg
"[매장픽업] 샤토 라 프랑스, 블랑","18,000",item.ssgcdn.com/78/53/18/item/1000066185378_i2_232.jpg
[매장픽업] 깔베 샤또뇌프 뒤 파프(레드와인),"63,000",item.ssgcdn.com/27/78/86/item/1000043867827_i1_232.jpg
[매장픽업] 엠 샤푸티에 빌라 오 블랑,"21,600",item.ssgcdn.com/27/78/86/item/1000043867827_i2_232.jpg
"[매장픽업] 파머스 테이블, 메리티지","22,500",item.ssgcdn.com/69/51/62/item/1000043625169_i1_232.jpg
"[매장픽업] 카사 마로네, 로사토 (레드와인)","40,500",item.ssgcdn.com/41/89/37/item/1000049378941_i1_232.jpg
"[매장픽업] 샤토 마이에, 샤토 뷰 샹트카유 (레드와인)","100,800",item.ssgcdn.com/41/89/37/item/1000049378941_i2_232.jpg
[매장픽업] 프레시넷 프로세코 DOC,"27,000",item.ssgcdn.com/46/69/56/item/1000066566946_i1_232.jpg
BABE 베이브 화이트,"3,600",item.ssgcdn.com/77/12/41/item/1000051411277_i1_232.jpg
CYT 그란 레세르바 샤르도네,"19,800",item.ssgcdn.com/97/92/28/item/1000049289297_i1_232.jpg
[스파클링] 발레벨보 모스까또 다스띠,"12,800",item.ssgcdn.com/97/92/28/item/1000049289297_i2_232.jpg
[레드와인] 트라피체 말벡,"9,800",item.ssgcdn.com/64/83/42/item/1000044428364_i1_232.jpg
조쉬 셀라스 까베르네 쇼비뇽,"34,800",item.ssgcdn.com/85/18/65/item/1000043651885_i1_232.jpg
[매장픽업]이기갈 꼬뜨 뒤 론 루즈 375ml (레드와인),"15,300",item.ssgcdn.com/60/03/87/item/1000043870360_i1_232.jpg
레 라마세르 까버네쇼비뇽,"9,800",item.ssgcdn.com/26/66/57/item/1000065576626_i1_232.jpg
[매장픽업]투핸즈 섹시 비스트 (레드와인),"50,000",item.ssgcdn.com/00/48/31/item/1000068314800_i1_232.jpg
운두라가 싱글빈야드 까베르네소비뇽,"19,800",item.ssgcdn.com/75/10/85/item/1000043851075_i1_232.jpg
[매장픽업] 더 페데럴리스트 진판델(레드와인),"45,000",item.ssgcdn.com/75/10/85/item/1000043851075_i2_232.jpg
[레드와인] 세븐 폴스 카베르네 소비뇽,"19,800",item.ssgcdn.com/31/68/21/item/1000085216831_i1_232.jpg
[매장픽업]  파이퍼하이직 뀌베브뤼(스파클링와인),"58,500",item.ssgcdn.com/31/68/21/item/1000085216831_i2_232.jpg
[매장픽업] 빌라엠 로소,"21,600",item.ssgcdn.com/76/50/78/item/1000043785076_i1_232.jpg
프레스코발디 카스틸리오니 끼안티,"32,000",item.ssgcdn.com/40/34/58/item/1000043583440_i1_232.jpg
[화이트와인] 도스 코파스 샤도네이,"4,900",item.ssgcdn.com/40/34/58/item/1000043583440_i2_232.jpg
[매장픽업]루이자도 부르고뉴 샤도네이 375ml (화이트와인),"17,100",item.ssgcdn.com/24/08/75/item/1000063750824_i1_232.jpg
[매장픽업] 뷰 샤또 생 앙드레 (레드와인),"104,400",item.ssgcdn.com/99/75/69/item/1000048697599_i1_232.jpg
"[매장픽업] 로쉬 드 벨렌, 부르고뉴 피노누아 퀴베 리저브 (레드와인)","38,700",item.ssgcdn.com/07/36/28/item/1000082283607_i1_232.jpg
[레드와인] 트라피체 오크캐스크 말벡,"16,800",item.ssgcdn.com/80/24/97/item/1000048972480_i1_232.jpg
[매장픽업]앙드레 끌루에 상파뉴 브뤼 그랑 리저브,"67,500",item.ssgcdn.com/42/62/62/item/1000063626242_i1_232.jpg
프레스코발디 카스텔지오콘도 로쏘 디 몬탈치노,"49,500",item.ssgcdn.com/91/76/19/item/1000051197691_i1_232.jpg
베린져 메인앤바인 진판델 750,"21,800",item.ssgcdn.com/94/15/31/item/1000068311594_i1_232.jpg
[레드와인] 도스코파스 까베르네 소비뇽,"4,900",item.ssgcdn.com/68/21/07/item/1000066072168_i1_232.jpg
[매장픽업]투핸즈 엔젤스쉐어 (레드와인),"50,000",item.ssgcdn.com/76/28/30/item/1000166302876_i1_232.jpg
샤또 랭쉬 바쥬 17,"315,000",item.ssgcdn.com/97/43/11/item/1000054114397_i1_232.jpg
[레드와인] 프론테라 까베르네 소비뇽,"8,800",item.ssgcdn.com/05/99/49/item/1000051499905_i1_232.jpg
[레드와인] 디아블로 피노누아,"12,800",item.ssgcdn.com/91/48/18/item/1000067184891_i1_232.jpg
[스파클링] 모엣샹동 임페리얼,"74,800",item.ssgcdn.com/36/22/01/item/1000051012236_i1_232.jpg
백화점 단독 선런칭! 모엣X카카오프렌즈 리미티드 에디션,"72,000",item.ssgcdn.com/08/39/21/item/1000125213908_i1_232.jpg
[매장픽업] 양가라 쉬라즈(레드와인),"49,500",item.ssgcdn.com/28/67/79/item/1000044796728_i1_232.jpg
몬테스 엔젤스 시크릿 까버네쇼비뇽,"32,800",item.ssgcdn.com/01/05/64/item/1000161640501_i1_232.jpg
[화이트와인] 샤토 생 미셸 컬럼비아 밸리 리슬링,"24,800",item.ssgcdn.com/60/84/85/item/1000043858460_i1_232.jpg
프레스코발디 레몰레 로쏘,"22,500",item.ssgcdn.com/48/09/57/item/1000066570948_i1_232.jpg
[매장픽업] 베린저 파운더스 피노누아,"26,100",item.ssgcdn.com/96/55/75/item/1000063755596_i1_232.jpg
[매장픽업]  베린저 파운더스 메를로,"26,100",item.ssgcdn.com/96/54/75/item/1000063755496_i1_232.jpg
[매장픽업] 로즈마운트 블랜드 쉬라즈 까베르네(레드와인),"27,000",item.ssgcdn.com/60/46/98/item/1000050984660_i1_232.jpg
[매장픽업] 포지오 알 투포 솔리스(레드와인),"27,000",item.ssgcdn.com/75/37/78/item/1000048783775_i1_232.jpg
[매장픽업] 포지오 바디올라 (레드와인),"27,000",item.ssgcdn.com/66/96/63/item/1000045639666_i1_232.jpg
[매장픽업] 퍼플 오리지널 말벡 750ML (레드와인),"27,900",item.ssgcdn.com/67/34/78/item/1000055783467_i1_232.jpg
"럭스, 로제 브륏 NV","18,000",item.ssgcdn.com/87/11/25/item/1000169251187_i1_232.jpg
[매장픽업] 또스띠 레드 아모레(레드와인),"31,500",item.ssgcdn.com/91/40/98/item/1000050984091_i1_232.jpg
[매장픽업] LDV 다빈치 스트레다 750ML (화이트 와인),"31,500",item.ssgcdn.com/84/50/83/item/1000063835084_i1_232.jpg
테레 디 산 레오나르도,"34,200",item.ssgcdn.com/23/41/13/item/1000065134123_i1_232.jpg
"[매장픽업] 파올로 스카비노, 비노 로쏘","36,000",item.ssgcdn.com/70/07/97/item/1000048970770_i1_232.jpg
[매장픽업] 메달라 카베르네 소비뇽,"37,800",item.ssgcdn.com/47/02/44/item/1000082440247_i1_232.jpg
"부티노, 라 플뢰르 솔리테르 꼬뜨 뒤 론 블랑","29,700",item.ssgcdn.com/83/28/30/item/1000169302883_i1_232.jpg
[매장픽업] 메나데 노쏘  750ML (화이트와인),"45,000",item.ssgcdn.com/66/98/86/item/1000043869866_i1_232.jpg
[매장픽업] 델리카토 날리헤드 올드바인 진판델(레드와인),"48,600",item.ssgcdn.com/24/43/98/item/1000050984324_i1_232.jpg
[매장픽업] 떼루뇨 카르미네르,"49,500",item.ssgcdn.com/11/88/29/item/1000082298811_i1_232.jpg
뛰느방 배드 보이 시라,"49,500",item.ssgcdn.com/56/34/33/item/1000166333456_i1_232.jpg
펜폴즈 맥스 샤르도네,"49,500",item.ssgcdn.com/20/50/05/item/1000143055020_i1_232.jpg
"75, 나파 소비뇽 블랑","36,000",item.ssgcdn.com/55/12/88/item/1000167881255_i1_232.jpg
[매장픽업] 올드 소울 샤도네이 750ML (화이트와인),"60,000",item.ssgcdn.com/95/68/58/item/1000048586895_i1_232.jpg
[매장픽업] 피에르 뤼통 레드(레드와인),"63,000",item.ssgcdn.com/74/79/73/item/1000045737974_i1_232.jpg
[매장픽업] 산탈바 오가닉(레드와인),"64,800",item.ssgcdn.com/74/79/73/item/1000045737974_i2_232.jpg
"부티노, 레 꼬또 쉬스또 세귀레","48,600",item.ssgcdn.com/47/55/80/item/1000043805547_i1_232.jpg
"[매장픽업] 로버트 오틀리, 피니스테르 카베르네소비뇽 (레드와인)","69,300",item.ssgcdn.com/60/56/33/item/1000169335660_i1_232.jpg
백화점 단독 선런칭! 모엣X카카오프렌즈 리미티드 에디션,"72,000",item.ssgcdn.com/28/56/27/item/1000068275628_i1_232.jpg
[매장픽업]  아차발 페레 키메라 (레드와인),"76,500",item.ssgcdn.com/28/56/27/item/1000068275628_i2_232.jpg
[매장픽업] 오시앙,"78,300",item.ssgcdn.com/99/19/52/item/1000070521999_i1_232.jpg
"부티노, 레 시스 까렌느","55,800",item.ssgcdn.com/79/96/86/item/1000043869679_i1_232.jpg
"75, 카베르네 소비뇽","53,100",item.ssgcdn.com/06/09/75/item/1000063750906_i1_232.jpg
노스스타 컬럼비아밸리 메를로,"92,700",item.ssgcdn.com/30/01/40/item/1000169400130_i1_232.jpg
[매장픽업] 꾸마로(레드와인),"94,500",item.ssgcdn.com/90/47/05/item/1000168054790_i1_232.jpg
[매장픽업] 도메니꼬 끌레리꼬 바르베라 달바 트레비네(레드와인),"99,000",item.ssgcdn.com/08/32/11/item/1000101113208_i1_232.jpg
노스스타 왈라왈라밸리 레드블랜드,"99,900",item.ssgcdn.com/87/49/78/item/1000043784987_i1_232.jpg
샤토 드 트레시,"73,800",item.ssgcdn.com/61/62/78/item/1000043786261_i1_232.jpg
[매장픽업] 양가라 PF 쉬라즈(레드와인),"108,000",item.ssgcdn.com/20/54/10/item/1000101105420_i1_232.jpg
[매장픽업] 미켈레 끼아를로 바르바레스코 아실리,"123,300",item.ssgcdn.com/55/97/41/item/1000169419755_i1_232.jpg
[매장픽업] 프루노토 바롤로,"135,000",item.ssgcdn.com/55/14/95/item/1000043951455_i1_232.jpg
[매장픽업] 샤를 조게 끌로 드 라 디오트리 (레드와인),"135,000",item.ssgcdn.com/55/14/95/item/1000043951455_i2_232.jpg
"쓰리 스틱스, `갭스 크라운` 샤도네이","99,000",item.ssgcdn.com/98/36/23/item/1000064233698_i1_232.jpg
[매장픽업] 테네트 GSM,"157,500",item.ssgcdn.com/23/98/28/item/1000049289823_i1_232.jpg
[매장픽업]카바이 샤르도네 (화이트와인),"162,000",item.ssgcdn.com/65/16/86/item/1000043861665_i1_232.jpg
[매장픽업] 라포스톨 르 쁘띠 끌로 아팔타(레드와인),"216,000",item.ssgcdn.com/65/16/86/item/1000043861665_i2_232.jpg
"쓰리 스틱스, `듀렐` 샤도네이","151,200",item.ssgcdn.com/13/76/55/item/1000169557613_i1_232.jpg
"쓰리 스틱스, `갭스 크라운` 피노 누아","162,000",item.ssgcdn.com/62/37/22/item/1000064223762_i1_232.jpg
러브 오버 골드 그르나슈,"300,000",item.ssgcdn.com/29/94/84/item/1000043849429_i1_232.jpg
[매장픽업] 젬스톤 까베르네 소비뇽 헤리티지,"432,000",item.ssgcdn.com/48/75/78/item/1000043787548_i1_232.jpg
글렌피딕 15년,"135,000",item.ssgcdn.com/80/73/56/item/1000169567380_i1_232.jpg
글렌피딕 12년,"94,500",item.ssgcdn.com/81/23/56/item/1000169562381_i1_232.jpg
[매장픽업] 루이라뚜르 제브리 샹베르땡(레드와인),"252,000",item.ssgcdn.com/65/03/22/item/1000085220365_i1_232.jpg
글렌피딕 18년,"211,500",item.ssgcdn.com/65/03/22/item/1000085220365_i2_232.jpg
글렌피딕 IPA,"121,500",item.ssgcdn.com/62/23/23/item/1000064232362_i1_232.jpg
글렌피딕 23년 그랑크뤼,"630,000",item.ssgcdn.com/04/93/20/item/1000090209304_i1_232.jpg
[스파클링] 발레벨보 모스까또 다스띠,"12,800",item.ssgcdn.com/50/38/30/item/1000085303850_i1_232.jpg
[레드와인] 트라피체 말벡,"9,800",item.ssgcdn.com/73/08/58/item/1000043580873_i1_232.jpg
조쉬 셀라스 까베르네 쇼비뇽,"34,800",item.ssgcdn.com/73/08/58/item/1000043580873_i2_232.jpg
[매장픽업]이기갈 꼬뜨 뒤 론 루즈 375ml (레드와인),"15,300",item.ssgcdn.com/30/32/21/item/1000090213230_i1_232.jpg
레 라마세르 까버네쇼비뇽,"9,800",item.ssgcdn.com/01/36/22/item/1000090223601_i1_232.jpg
[매장픽업]투핸즈 섹시 비스트 (레드와인),"50,000",item.ssgcdn.com/36/86/21/item/1000090218636_i1_232.jpg
운두라가 싱글빈야드 까베르네소비뇽,"19,800",item.ssgcdn.com/97/43/11/item/1000054114397_i1_232.jpg
[매장픽업] 더 페데럴리스트 진판델(레드와인),"45,000",item.ssgcdn.com/05/99/49/item/1000051499905_i1_232.jpg
[레드와인] 세븐 폴스 카베르네 소비뇽,"19,800",item.ssgcdn.com/91/48/18/item/1000067184891_i1_232.jpg
[매장픽업]  파이퍼하이직 뀌베브뤼(스파클링와인),"58,500",item.ssgcdn.com/36/22/01/item/1000051012236_i1_232.jpg
[매장픽업] 빌라엠 로소,"21,600",item.ssgcdn.com/08/39/21/item/1000125213908_i1_232.jpg
프레스코발디 카스틸리오니 끼안티,"32,000",item.ssgcdn.com/28/67/79/item/1000044796728_i1_232.jpg
[화이트와인] 도스 코파스 샤도네이,"4,900",item.ssgcdn.com/01/05/64/item/1000161640501_i1_232.jpg
[매장픽업]루이자도 부르고뉴 샤도네이 375ml (화이트와인),"17,100",item.ssgcdn.com/60/84/85/item/1000043858460_i1_232.jpg
[매장픽업] 뷰 샤또 생 앙드레 (레드와인),"104,400",item.ssgcdn.com/60/84/85/item/1000043858460_i2_232.jpg
"[매장픽업] 로쉬 드 벨렌, 부르고뉴 피노누아 퀴베 리저브 (레드와인)","38,700",item.ssgcdn.com/10/16/83/item/1000049831610_i1_232.jpg
[레드와인] 트라피체 오크캐스크 말벡,"16,800",item.ssgcdn.com/56/51/95/item/1000043955156_i1_232.jpg
[매장픽업]앙드레 끌루에 상파뉴 브뤼 그랑 리저브,"67,500",item.ssgcdn.com/56/51/95/item/1000043955156_i2_232.jpg
프레스코발디 카스텔지오콘도 로쏘 디 몬탈치노,"49,500",item.ssgcdn.com/89/26/27/item/1000049272689_i1_232.jpg
베린져 메인앤바인 진판델 750,"21,800",item.ssgcdn.com/33/33/61/item/1000065613333_i1_232.jpg
[레드와인] 도스코파스 까베르네 소비뇽,"4,900",item.ssgcdn.com/59/97/83/item/1000049839759_i1_232.jpg
[매장픽업]투핸즈 엔젤스쉐어 (레드와인),"50,000",item.ssgcdn.com/45/85/00/item/1000051008545_i1_232.jpg
샤또 랭쉬 바쥬 17,"315,000",item.ssgcdn.com/88/00/19/item/1000051190088_i1_232.jpg
[레드와인] 프론테라 까베르네 소비뇽,"8,800",item.ssgcdn.com/88/00/19/item/1000051190088_i2_232.jpg
[레드와인] 디아블로 피노누아,"12,800",item.ssgcdn.com/17/32/33/item/1000049333217_i1_232.jpg
[스파클링] 모엣샹동 임페리얼,"74,800",item.ssgcdn.com/17/32/33/item/1000049333217_i2_232.jpg
백화점 단독 선런칭! 모엣X카카오프렌즈 리미티드 에디션,"72,000",item.ssgcdn.com/84/61/26/item/1000049266184_i1_232.jpg
[매장픽업] 양가라 쉬라즈(레드와인),"49,500",item.ssgcdn.com/27/33/79/item/1000044793327_i1_232.jpg
몬테스 엔젤스 시크릿 까버네쇼비뇽,"32,800",item.ssgcdn.com/47/26/57/item/1000066572647_i1_232.jpg
[화이트와인] 샤토 생 미셸 컬럼비아 밸리 리슬링,"24,800",item.ssgcdn.com/38/95/81/item/1000063819538_i1_232.jpg
